threshold_m,threshold_mm,part,static_count,moving_count,static_fraction
0.000000000,0.0000,l_gripper,10895,39105,0.217900
0.000000000,0.0000,r_gripper,11063,38937,0.221260
0.001500000,1.5000,l_gripper,18456,31544,0.369120
0.001500000,1.5000,r_gripper,18665,31335,0.373300
0.002130000,2.1300,l_gripper,23081,26919,0.461620
0.002130000,2.1300,r_gripper,23282,26718,0.465640
0.002328170,2.3282,l_gripper,24214,25786,0.484280
0.002328170,2.3282,r_gripper,24389,25611,0.487780
0.002330000,2.3300,l_gripper,24222,25778,0.484440
0.002330000,2.3300,r_gripper,24396,25604,0.487920
0.003000000,3.0000,l_gripper,27553,22447,0.551060
0.003000000,3.0000,r_gripper,27696,22304,0.553920
0.004000000,4.0000,l_gripper,30725,19275,0.614500
0.004000000,4.0000,r_gripper,30681,19319,0.613620
