source,model,dataset,eval_iteration,valid,total,excluded_frame_ids,crop,matching_roi,estimator,pose_protocol,similarity,eval_temperature,rotation_ensemble,checkpoint,checkpoint_iter_now,checkpoint_iter_matches_eval,train_family,training_run,training_data,train_pose,train_n_pos,train_n_neg,train_negative_source,negative_source_evidence,train_similarity,train_temperature,batch_per_gpu,workers_per_rank,csv_check,csv_valid_rows,csv_crop_mask_source,csv_wrist_roi_source,csv_predicted_wrist_mask_mode,csv_pose_estimator,t_mean,t_median,t_rmse,t_p90,t_p95,t_max,r_mean,r_median,r_rmse,r_p90,r_p95,r_max,id
submodules/RoboPEPP/logs/augfix10000_last_lnd_original_surfemb_eval_fairseed_20260811/summary.json,resnet_augfix10000_last,SurgRIPE-LND/TEST,10000,373,373,[],detector,predicted,original_surfemb,wrist-only original SurfEmb probability inversion sampling + AP3P hypotheses + mask/correspondence likelihood scoring + triangle-visible BFGS refinement; predicted binary wrist mask; no shaft/gripper fitting,raw_dot,1.0,True,submodules/RoboPEPP/logs/surfemb_debug_current_lnd_augfix_rawdot_resume6k_to10k_b56x4_20260811/checkpoints/last.pt,10000,True,Wrist / LND pre-refine / Augfix / raw_dot,surfemb_debug_current_lnd_augfix_rawdot_resume6k_to10k_b56x4_20260811,LND-only,pre-refine,1024,1024,full_surface,checkpoint args,raw_dot,1.0,56,4,ok,373,detector,predicted,binary_head,original_surfemb,3.2062030249839966,2.1271185168437743,6.563226419347335,5.74470534595007,8.239496392016573,77.77594144487958,7.607590914889823,6.001740310457275,12.266084085051943,13.0749107492565,15.822965658224378,135.29727059656392,L001
submodules/RoboPEPP/logs/augfix10k_best_last_lnd_ours_topk50k_gtroi_exclude210_20260811/summary.json,resnet_augfix6250_best,SurgRIPE-LND/TEST,6250,372,372,[210],wrist,gt_wrist,topk_ransac,wrist-only high-confidence top-K dense correspondences + multi-point EPNP RANSAC + LM; gt_wrist wrist ROI; no shaft/gripper fitting,raw_dot,1.0,False,submodules/RoboPEPP/logs/surfemb_debug_current_lnd_augfix_rawdot_resume6k_to10k_b56x4_20260811/checkpoints/best_val_total.pt,6250,True,Wrist / LND pre-refine / Augfix / raw_dot,surfemb_debug_current_lnd_augfix_rawdot_resume6k_to10k_b56x4_20260811,LND-only,pre-refine,1024,1024,full_surface,checkpoint args,raw_dot,1.0,56,4,ok,372,wrist,gt_wrist,binary_head,topk_ransac,2.322268450093325,1.7610820832016079,3.473336058802246,4.308283695364283,5.932748463660949,33.688216172623,7.696043533456843,5.341714178389479,11.177712056441736,16.96318393636021,19.853417143960392,105.74371533255879,L002
submodules/RoboPEPP/logs/augfix10k_best_last_lnd_ours_topk50k_gtroi_exclude210_20260811/summary.json,resnet_augfix10000_last,SurgRIPE-LND/TEST,10000,372,372,[210],wrist,gt_wrist,topk_ransac,wrist-only high-confidence top-K dense correspondences + multi-point EPNP RANSAC + LM; gt_wrist wrist ROI; no shaft/gripper fitting,raw_dot,1.0,False,submodules/RoboPEPP/logs/surfemb_debug_current_lnd_augfix_rawdot_resume6k_to10k_b56x4_20260811/checkpoints/last.pt,10000,True,Wrist / LND pre-refine / Augfix / raw_dot,surfemb_debug_current_lnd_augfix_rawdot_resume6k_to10k_b56x4_20260811,LND-only,pre-refine,1024,1024,full_surface,checkpoint args,raw_dot,1.0,56,4,ok,372,wrist,gt_wrist,binary_head,topk_ransac,2.4520628452523776,2.017131869027118,3.350444589692289,4.724667662277521,5.7426772499486205,23.26840402591177,5.9663282742961785,4.209751869069251,8.210973452840564,12.471582758223235,15.506670403159903,47.77427764436884,L003
submodules/RoboPEPP/logs/augfix10k_last_lnd_ours_topk50k_gtroi_exclude210_fairseed_20260811/summary.json,resnet_augfix10000_last,SurgRIPE-LND/TEST,10000,372,372,[210],wrist,gt_wrist,topk_ransac,wrist-only high-confidence top-K dense correspondences + multi-point EPNP RANSAC + LM; gt_wrist wrist ROI; no shaft/gripper fitting,raw_dot,1.0,False,submodules/RoboPEPP/logs/surfemb_debug_current_lnd_augfix_rawdot_resume6k_to10k_b56x4_20260811/checkpoints/last.pt,10000,True,Wrist / LND pre-refine / Augfix / raw_dot,surfemb_debug_current_lnd_augfix_rawdot_resume6k_to10k_b56x4_20260811,LND-only,pre-refine,1024,1024,full_surface,checkpoint args,raw_dot,1.0,56,4,ok,372,wrist,gt_wrist,binary_head,topk_ransac,2.4520628452523776,2.017131869027118,3.350444589692289,4.724667662277521,5.7426772499486205,23.26840402591177,5.9663282742961785,4.209751869069251,8.210973452840564,12.471582758223235,15.506670403159903,47.77427764436884,L004
submodules/RoboPEPP/logs/augfix6250_best_lnd_original_surfemb_eval_fairseed_20260811/summary.json,resnet_augfix6250_best,SurgRIPE-LND/TEST,6250,373,373,[],detector,predicted,original_surfemb,wrist-only original SurfEmb probability inversion sampling + AP3P hypotheses + mask/correspondence likelihood scoring + triangle-visible BFGS refinement; predicted binary wrist mask; no shaft/gripper fitting,raw_dot,1.0,True,submodules/RoboPEPP/logs/surfemb_debug_current_lnd_augfix_rawdot_resume6k_to10k_b56x4_20260811/checkpoints/best_val_total.pt,6250,True,Wrist / LND pre-refine / Augfix / raw_dot,surfemb_debug_current_lnd_augfix_rawdot_resume6k_to10k_b56x4_20260811,LND-only,pre-refine,1024,1024,full_surface,checkpoint args,raw_dot,1.0,56,4,ok,373,detector,predicted,binary_head,original_surfemb,2.5652160799711132,1.5742938144538594,6.37659462203892,4.7439680888689635,5.912025143751953,78.81320138595804,8.082960091331264,6.787166414397574,10.256370096548668,13.847223721870561,16.13042329629173,83.16787060655419,L005
submodules/RoboPEPP/logs/augfix6k_lnd_original_surfemb_eval_20260811/summary.json,resnet_augfix6k,SurgRIPE-LND/TEST,6000,373,373,[],detector,predicted,original_surfemb,wrist-only original SurfEmb probability inversion sampling + AP3P hypotheses + mask/correspondence likelihood scoring + triangle-visible BFGS refinement; predicted binary wrist mask; no shaft/gripper fitting,raw_dot,1.0,True,submodules/RoboPEPP/logs/surfemb_debug_current_lnd_augfix_rawdot_resume4k_to6k_b56x4_20260811/checkpoints/last.pt,6000,True,Wrist / LND pre-refine / Augfix / raw_dot,surfemb_debug_current_lnd_augfix_rawdot_resume4k_to6k_b56x4_20260811,LND-only,pre-refine,1024,1024,full_surface,checkpoint args,raw_dot,1.0,56,4,ok,373,detector,predicted,binary_head,original_surfemb,2.4910039385036407,1.5295734930297986,6.492423914025988,4.475604820058159,5.602850797036164,80.96712097737813,7.896699159425397,6.355730811140062,12.343920066260656,12.929002767588647,15.466784781737712,144.3017812267739,L006
submodules/RoboPEPP/logs/augfix6k_lnd_ours_topk50k_gtroi_exclude210_20260811/summary.json,resnet_augfix6k,SurgRIPE-LND/TEST,6000,372,372,[210],wrist,gt_wrist,topk_ransac,wrist-only high-confidence top-K dense correspondences + multi-point EPNP RANSAC + LM; gt_wrist wrist ROI; no shaft/gripper fitting,raw_dot,1.0,False,submodules/RoboPEPP/logs/surfemb_debug_current_lnd_augfix_rawdot_resume4k_to6k_b56x4_20260811/checkpoints/last.pt,6000,True,Wrist / LND pre-refine / Augfix / raw_dot,surfemb_debug_current_lnd_augfix_rawdot_resume4k_to6k_b56x4_20260811,LND-only,pre-refine,1024,1024,full_surface,checkpoint args,raw_dot,1.0,56,4,ok,372,wrist,gt_wrist,binary_head,topk_ransac,2.053510410476776,1.4733573244584868,3.045566185069597,4.348248364751667,6.019286726325388,22.495494384509787,6.546946941052547,4.991619168758518,8.402647275911232,13.716383308837585,16.62885463482312,34.443750774451594,L007
submodules/RoboPEPP/logs/augfix_cosine10k_lnd_ours_topk50k_gtroi_exclude210_resnetname_20260811/summary.json,resnet_cosine10k_best,SurgRIPE-LND/TEST,6750,372,372,[210],wrist,gt_wrist,topk_ransac,wrist-only high-confidence top-K dense correspondences + multi-point EPNP RANSAC + LM; gt_wrist wrist ROI; no shaft/gripper fitting,cosine,0.1,False,submodules/RoboPEPP/logs/surfemb_debug_current_lnd_augfix_cosine_t01_resume6k_to10k_b56x4_20260811/checkpoints/best_val_total.pt,6750,True,Wrist / LND pre-refine / Augfix / cosine,surfemb_debug_current_lnd_augfix_cosine_t01_resume6k_to10k_b56x4_20260811,LND-only,pre-refine,1024,1024,full_surface,checkpoint args,cosine,0.1,56,4,ok,372,wrist,gt_wrist,binary_head,topk_ransac,2.1682485751721394,1.4127705116119869,3.3299572993368263,4.48710193544268,5.902231762141647,24.927422621918645,6.866974743086802,5.224017047403859,8.765607324320866,13.920688431483905,16.68281574540945,45.708410876225344,L008
submodules/RoboPEPP/logs/augfix_cosine10k_lnd_ours_topk50k_gtroi_exclude210_resnetname_20260811/summary.json,resnet_cosine10k_last,SurgRIPE-LND/TEST,10000,372,372,[210],wrist,gt_wrist,topk_ransac,wrist-only high-confidence top-K dense correspondences + multi-point EPNP RANSAC + LM; gt_wrist wrist ROI; no shaft/gripper fitting,cosine,0.1,False,submodules/RoboPEPP/logs/surfemb_debug_current_lnd_augfix_cosine_t01_resume6k_to10k_b56x4_20260811/checkpoints/last.pt,10000,True,Wrist / LND pre-refine / Augfix / cosine,surfemb_debug_current_lnd_augfix_cosine_t01_resume6k_to10k_b56x4_20260811,LND-only,pre-refine,1024,1024,full_surface,checkpoint args,cosine,0.1,56,4,ok,372,wrist,gt_wrist,binary_head,topk_ransac,2.3701096396186547,1.9806536991360022,3.0256513987598166,4.298549840084848,5.429974924696246,17.613068910560113,5.553009100158607,4.008238515111442,7.498135959150773,11.969437871080789,15.223034820825113,48.72586346877933,L009
submodules/RoboPEPP/logs/augfix_raw10k_lnd_ours_topk50k_gtroi_exclude210_resnetname_20260811/summary.json,resnet_raw10k_best,SurgRIPE-LND/TEST,6250,372,372,[210],wrist,gt_wrist,topk_ransac,wrist-only high-confidence top-K dense correspondences + multi-point EPNP RANSAC + LM; gt_wrist wrist ROI; no shaft/gripper fitting,raw_dot,1.0,False,submodules/RoboPEPP/logs/surfemb_debug_current_lnd_augfix_rawdot_resume6k_to10k_b56x4_20260811/checkpoints/best_val_total.pt,6250,True,Wrist / LND pre-refine / Augfix / raw_dot,surfemb_debug_current_lnd_augfix_rawdot_resume6k_to10k_b56x4_20260811,LND-only,pre-refine,1024,1024,full_surface,checkpoint args,raw_dot,1.0,56,4,ok,372,wrist,gt_wrist,binary_head,topk_ransac,2.322268450093325,1.7610820832016079,3.473336058802246,4.308283695364283,5.932748463660949,33.688216172623,7.696043533456843,5.341714178389479,11.177712056441736,16.96318393636021,19.853417143960392,105.74371533255879,L010
submodules/RoboPEPP/logs/augfix_raw10k_lnd_ours_topk50k_gtroi_exclude210_resnetname_20260811/summary.json,resnet_raw10k_last,SurgRIPE-LND/TEST,10000,372,372,[210],wrist,gt_wrist,topk_ransac,wrist-only high-confidence top-K dense correspondences + multi-point EPNP RANSAC + LM; gt_wrist wrist ROI; no shaft/gripper fitting,raw_dot,1.0,False,submodules/RoboPEPP/logs/surfemb_debug_current_lnd_augfix_rawdot_resume6k_to10k_b56x4_20260811/checkpoints/last.pt,10000,True,Wrist / LND pre-refine / Augfix / raw_dot,surfemb_debug_current_lnd_augfix_rawdot_resume6k_to10k_b56x4_20260811,LND-only,pre-refine,1024,1024,full_surface,checkpoint args,raw_dot,1.0,56,4,ok,372,wrist,gt_wrist,binary_head,topk_ransac,2.4520628452523776,2.017131869027118,3.350444589692289,4.724667662277521,5.7426772499486205,23.26840402591177,5.9663282742961785,4.209751869069251,8.210973452840564,12.471582758223235,15.506670403159903,47.77427764436884,L011
submodules/RoboPEPP/logs/surfemb_crop_checkpoint_ablation_20260805/full40k_gtroi/summary.json,resnet_full_last40k,SurgRIPE-LND/TEST,40000,372,372,[210],instance,gt_wrist,topk_ransac,wrist-only high-confidence top-K dense correspondences + multi-point EPNP RANSAC + LM; gt_wrist wrist ROI; no shaft/gripper fitting,not recorded,,,submodules/RoboPEPP/logs/surfemb_resnet_full_corrected_xmin05_p1024_b56_gpu0123/checkpoints/last.pt,60000,False,Full ResNet / triangle positives,surfemb_resnet_full_corrected_xmin05_p1024_b56_gpu0123,RARP+LND,refined,1024,1024,not recorded,not recorded in checkpoint,legacy raw_dot,,56,0,ok,372,instance,gt_wrist,part_competition,topk_ransac,3.933123067958742,3.1162200898141754,5.554271344326402,7.676240808603374,9.319236850283316,56.78611802089561,11.583608814600343,10.185653869386691,14.1326063564764,21.063933684469262,28.59245425756638,47.465425142791716,L012
submodules/RoboPEPP/logs/surfemb_crop_checkpoint_ablation_20260805/full43k_gtroi/summary.json,resnet_full_last43k,SurgRIPE-LND/TEST,43000,372,372,[210],instance,gt_wrist,topk_ransac,wrist-only high-confidence top-K dense correspondences + multi-point EPNP RANSAC + LM; gt_wrist wrist ROI; no shaft/gripper fitting,not recorded,,,submodules/RoboPEPP/logs/surfemb_resnet_full_corrected_xmin05_p1024_b56_gpu0123/checkpoints/last.pt,60000,False,Full ResNet / triangle positives,surfemb_resnet_full_corrected_xmin05_p1024_b56_gpu0123,RARP+LND,refined,1024,1024,not recorded,not recorded in checkpoint,legacy raw_dot,,56,0,ok,372,instance,gt_wrist,part_competition,topk_ransac,4.042414809001052,3.373470162762663,5.30426306664129,8.183274336477577,9.78752122277691,42.68104569235939,11.653693637562961,10.278886731087187,14.06287770034495,20.890853613524424,28.533764759166584,49.579288252397895,L013
submodules/RoboPEPP/logs/surfemb_crop_checkpoint_ablation_20260805/wrist43k_gtroi/summary.json,resnet_wrist_last43k,SurgRIPE-LND/TEST,43000,358,372,[210],wrist,gt_wrist,topk_ransac,wrist-only high-confidence top-K dense correspondences + multi-point EPNP RANSAC + LM; gt_wrist wrist ROI; no shaft/gripper fitting,not recorded,,,submodules/RoboPEPP/logs/surfemb_resnet_wristonly_visible_p614_b56_gpu4567/checkpoints/last.pt,50000,False,Wrist / RARP+LND refined / visible negatives,surfemb_resnet_wristonly_visible_p614_b56_gpu4567,RARP+LND,refined,614,614,visible,historical runner/log and run family,legacy raw_dot,,56,0,ok,358,wrist,gt_wrist,binary_head,topk_ransac,4.09450660650134,3.6352267013115496,4.877608936454858,8.114439757788874,9.47444466446692,12.992548574280324,6.072991591582083,5.085480429042943,7.211492913405963,11.608025691976067,14.501516381618096,19.021487335644288,L014
submodules/RoboPEPP/logs/surfemb_crop_checkpoint_ablation_20260805/wrist46k_gtroi/summary.json,resnet_wrist_last46k,SurgRIPE-LND/TEST,46000,363,372,[210],wrist,gt_wrist,topk_ransac,wrist-only high-confidence top-K dense correspondences + multi-point EPNP RANSAC + LM; gt_wrist wrist ROI; no shaft/gripper fitting,not recorded,,,submodules/RoboPEPP/logs/surfemb_resnet_wristonly_visible_p614_b56_gpu4567/checkpoints/last.pt,50000,False,Wrist / RARP+LND refined / visible negatives,surfemb_resnet_wristonly_visible_p614_b56_gpu4567,RARP+LND,refined,614,614,visible,historical runner/log and run family,legacy raw_dot,,56,0,ok,363,wrist,gt_wrist,binary_head,topk_ransac,4.174650401157326,3.742701652895057,4.939302887252925,8.030365444910558,9.362104881309074,13.282234111456736,5.838288527675555,4.572735218901742,7.173664612340148,11.09638755595526,14.014466013486018,36.7688510287616,L015
submodules/RoboPEPP/logs/surfemb_current_last_lnd_eval_20260804/full_instance_crop/summary.json,resnet_full_last,SurgRIPE-LND/TEST,18000,372,372,[210],instance,predicted,topk_ransac,wrist-only high-confidence top-K dense correspondences + multi-point EPNP RANSAC + LM; predicted wrist ROI; no shaft/gripper fitting,not recorded,,,submodules/RoboPEPP/logs/surfemb_current_last_lnd_eval_20260804/checkpoints/full_last_iter18000.pt,18000,True,Full ResNet / triangle positives,surfemb_resnet_full_corrected_xmin05_p1024_b56_gpu0123,RARP+LND,refined,1024,1024,not recorded,not recorded in checkpoint,legacy raw_dot,,56,0,ok,372,instance,predicted,part_competition,topk_ransac,4.506511852693252,3.879938508835296,5.668390188641501,8.18818870689533,9.574428851376055,42.11937537687769,11.593675929845377,9.523808749767877,14.538055459951659,23.100631277624146,28.28750811296524,59.075542379575914,L016
submodules/RoboPEPP/logs/surfemb_current_last_lnd_eval_20260804/wrist_crop/summary.json,resnet_wristonly_last,SurgRIPE-LND/TEST,19000,372,372,[210],wrist,predicted,topk_ransac,wrist-only high-confidence top-K dense correspondences + multi-point EPNP RANSAC + LM; predicted wrist ROI; no shaft/gripper fitting,not recorded,,,submodules/RoboPEPP/logs/surfemb_current_last_lnd_eval_20260804/checkpoints/wristonly_last_iter19000.pt,19000,True,Wrist / RARP+LND refined / visible negatives,surfemb_resnet_wristonly_visible_p614_b56_gpu4567,RARP+LND,refined,614,614,visible,historical runner/log and run family,legacy raw_dot,,56,0,ok,372,wrist,predicted,binary_head,topk_ransac,4.736491675390785,4.1125740741720085,5.942010986298845,8.784472603504641,9.821675623294226,35.650431152461124,7.143758679967856,5.376137891560129,9.354401594153954,12.670396221829687,17.96582136360917,44.39446200412079,L017
submodules/RoboPEPP/logs/surfemb_current_last_lnd_eval_20260804_iter21000_22000/full_instance_crop/summary.json,resnet_full_last,SurgRIPE-LND/TEST,21000,372,372,[210],instance,predicted,topk_ransac,wrist-only high-confidence top-K dense correspondences + multi-point EPNP RANSAC + LM; predicted wrist ROI; no shaft/gripper fitting,not recorded,,,submodules/RoboPEPP/logs/surfemb_current_last_lnd_eval_20260804_iter21000_22000/checkpoints/full_last_iter21000.pt,21000,True,Full ResNet / triangle positives,surfemb_resnet_full_corrected_xmin05_p1024_b56_gpu0123,RARP+LND,refined,1024,1024,not recorded,not recorded in checkpoint,legacy raw_dot,,56,0,ok,372,instance,predicted,part_competition,topk_ransac,4.365433934023353,3.6470487243790055,5.698192403171139,8.649017036558389,9.902136091129206,44.5364364662565,11.568459307474697,9.525424913390076,14.142974465953156,21.61307409936577,27.07067792114861,47.27631878864387,L018
submodules/RoboPEPP/logs/surfemb_current_last_lnd_eval_20260804_iter21000_22000/full_instance_crop_gt_wrist_roi/summary.json,resnet_full_gtroi,SurgRIPE-LND/TEST,21000,372,372,[210],instance,gt_wrist,topk_ransac,wrist-only high-confidence top-K dense correspondences + multi-point EPNP RANSAC + LM; gt_wrist wrist ROI; no shaft/gripper fitting,not recorded,,,submodules/RoboPEPP/logs/surfemb_current_last_lnd_eval_20260804_iter21000_22000/checkpoints/full_last_iter21000.pt,21000,True,Full ResNet / triangle positives,surfemb_resnet_full_corrected_xmin05_p1024_b56_gpu0123,RARP+LND,refined,1024,1024,not recorded,not recorded in checkpoint,legacy raw_dot,,56,0,ok,372,instance,gt_wrist,part_competition,topk_ransac,4.709333661034412,4.040998672005481,6.1654429562602875,8.717166193459576,9.892174152050433,56.73618275981013,11.306791370397427,9.914245752352635,13.36460288048947,20.378506456973604,24.98832564106231,43.850119397984734,L019
submodules/RoboPEPP/logs/surfemb_current_last_lnd_eval_20260804_iter21000_22000/wrist_crop/summary.json,resnet_wristonly_last,SurgRIPE-LND/TEST,22000,372,372,[210],wrist,predicted,topk_ransac,wrist-only high-confidence top-K dense correspondences + multi-point EPNP RANSAC + LM; predicted wrist ROI; no shaft/gripper fitting,not recorded,,,submodules/RoboPEPP/logs/surfemb_current_last_lnd_eval_20260804_iter21000_22000/checkpoints/wristonly_last_iter22000.pt,22000,True,Wrist / RARP+LND refined / visible negatives,surfemb_resnet_wristonly_visible_p614_b56_gpu4567,RARP+LND,refined,614,614,visible,historical runner/log and run family,legacy raw_dot,,56,0,ok,372,wrist,predicted,binary_head,topk_ransac,5.205714917043287,4.800845560716902,6.305136301037611,9.612731318587448,11.026307335053106,39.18611728234281,6.626742851375238,4.830948613673319,8.431091004707913,13.094542779255079,16.854591480931404,32.10622980417535,L020
submodules/RoboPEPP/logs/surfemb_current_last_lnd_eval_20260804_iter21000_22000/wrist_crop_gt_wrist_roi/summary.json,resnet_wristonly_gtroi,SurgRIPE-LND/TEST,22000,372,372,[210],wrist,gt_wrist,topk_ransac,wrist-only high-confidence top-K dense correspondences + multi-point EPNP RANSAC + LM; gt_wrist wrist ROI; no shaft/gripper fitting,not recorded,,,submodules/RoboPEPP/logs/surfemb_current_last_lnd_eval_20260804_iter21000_22000/checkpoints/wristonly_last_iter22000.pt,22000,True,Wrist / RARP+LND refined / visible negatives,surfemb_resnet_wristonly_visible_p614_b56_gpu4567,RARP+LND,refined,614,614,visible,historical runner/log and run family,legacy raw_dot,,56,0,ok,372,wrist,gt_wrist,binary_head,topk_ransac,5.14387379608419,4.6470133680225985,6.320923596547388,9.590105001219094,10.791309142375445,36.64411188986128,6.7403909221994525,4.8766616721296785,8.808313833697065,13.973269469604384,18.537447158332995,39.386450803374444,L021
submodules/RoboPEPP/logs/surfemb_current_last_lnd_eval_20260804_iter21000_22000/wrist_crop_noavg_ransac3px/summary.json,resnet_wristonly_noavg_ransac3px,SurgRIPE-LND/TEST,22000,372,372,[210],wrist,predicted,topk_ransac,wrist-only high-confidence top-K dense correspondences + multi-point EPNP RANSAC + LM; predicted wrist ROI; no shaft/gripper fitting,not recorded,,,submodules/RoboPEPP/logs/surfemb_current_last_lnd_eval_20260804_iter21000_22000/checkpoints/wristonly_last_iter22000.pt,22000,True,Wrist / RARP+LND refined / visible negatives,surfemb_resnet_wristonly_visible_p614_b56_gpu4567,RARP+LND,refined,614,614,visible,historical runner/log and run family,legacy raw_dot,,56,0,ok,372,wrist,predicted,binary_head,topk_ransac,5.407035992391817,4.607750504576018,6.622979334435722,10.360706399711928,11.811455243088053,36.585595180443846,6.609593230541464,4.60552265075575,8.778259805217164,13.51132712619635,19.03461870438178,42.88770776662649,L022
submodules/RoboPEPP/logs/surfemb_current_last_lnd_eval_20260804_iter21000_22000/wrist_crop_noavg_ransac9px/summary.json,resnet_wristonly_noavg_ransac9px,SurgRIPE-LND/TEST,22000,372,372,[210],wrist,predicted,topk_ransac,wrist-only high-confidence top-K dense correspondences + multi-point EPNP RANSAC + LM; predicted wrist ROI; no shaft/gripper fitting,not recorded,,,submodules/RoboPEPP/logs/surfemb_current_last_lnd_eval_20260804_iter21000_22000/checkpoints/wristonly_last_iter22000.pt,22000,True,Wrist / RARP+LND refined / visible negatives,surfemb_resnet_wristonly_visible_p614_b56_gpu4567,RARP+LND,refined,614,614,visible,historical runner/log and run family,legacy raw_dot,,56,0,ok,372,wrist,predicted,binary_head,topk_ransac,5.520626736751105,4.999417567921791,6.6899714769573775,9.999454254428702,11.13467530131587,36.55466965551478,6.8475612032463555,4.958472025344868,9.02664921974516,13.908515241492479,19.35733535742537,38.91080110480462,L023
submodules/RoboPEPP/logs/surfemb_current_last_lnd_eval_20260804_iter21000_22000/wrist_crop_ransac1px/summary.json,resnet_wristonly_ransac1px,SurgRIPE-LND/TEST,22000,372,372,[210],wrist,predicted,topk_ransac,wrist-only high-confidence top-K dense correspondences + multi-point EPNP RANSAC + LM; predicted wrist ROI; no shaft/gripper fitting,not recorded,,,submodules/RoboPEPP/logs/surfemb_current_last_lnd_eval_20260804_iter21000_22000/checkpoints/wristonly_last_iter22000.pt,22000,True,Wrist / RARP+LND refined / visible negatives,surfemb_resnet_wristonly_visible_p614_b56_gpu4567,RARP+LND,refined,614,614,visible,historical runner/log and run family,legacy raw_dot,,56,0,ok,372,wrist,predicted,binary_head,topk_ransac,5.29349338849486,4.533131182973138,6.5454948985796175,9.853446371315192,11.374663101529867,34.884315023160546,6.38729910046096,4.7146814871782,8.386284415411792,12.547208943211846,15.88319925213407,38.85519760425501,L024
submodules/RoboPEPP/logs/surfemb_resnet_wristonly_lnd_best_last_gtmask_20260804/summary.json,resnet_wristonly_best,SurgRIPE-LND/TEST,16000,356,372,[210],wrist,gt_wrist,topk_ransac,wrist-only high-confidence top-K dense correspondences + multi-point EPNP RANSAC + LM; gt_wrist wrist ROI; no shaft/gripper fitting,not recorded,,,submodules/RoboPEPP/logs/surfemb_resnet_wristonly_lnd_best_last_predmask_20260804/checkpoints/best_iter16000.pt,16000,True,Wrist / RARP+LND refined / visible negatives,surfemb_resnet_wristonly_visible_p614_b56_gpu4567,RARP+LND,refined,614,614,visible,historical runner/log and run family,legacy raw_dot,,56,0,ok,356,wrist,gt_wrist,binary_head,topk_ransac,4.401770362200872,3.9352094091425527,5.25843671689923,9.003912085489736,9.91432420757614,16.180364126862507,6.841466959057811,5.9257280232930825,8.051848470777436,12.838742606515607,14.700917453250378,27.714796495548132,L025
submodules/RoboPEPP/logs/surfemb_resnet_wristonly_lnd_best_last_gtmask_20260804/summary.json,resnet_wristonly_last,SurgRIPE-LND/TEST,17000,355,372,[210],wrist,gt_wrist,topk_ransac,wrist-only high-confidence top-K dense correspondences + multi-point EPNP RANSAC + LM; gt_wrist wrist ROI; no shaft/gripper fitting,not recorded,,,submodules/RoboPEPP/logs/surfemb_resnet_wristonly_lnd_best_last_predmask_20260804/checkpoints/last_iter17000.pt,17000,True,Wrist / RARP+LND refined / visible negatives,surfemb_resnet_wristonly_visible_p614_b56_gpu4567,RARP+LND,refined,614,614,visible,historical runner/log and run family,legacy raw_dot,,56,0,ok,355,wrist,gt_wrist,binary_head,topk_ransac,4.301473278539304,3.6101217991958587,5.168416520413901,8.467468129122897,9.966669133195648,19.658702110301753,6.5162970999428325,5.638842314594111,7.769176748937985,12.703173719029786,14.947114377186978,23.744746242039803,L026
submodules/RoboPEPP/logs/surfemb_resnet_wristonly_lnd_best_last_predmask_20260804/summary.json,resnet_wristonly_best,SurgRIPE-LND/TEST,16000,352,372,[210],wrist,predicted,topk_ransac,wrist-only high-confidence top-K dense correspondences + multi-point EPNP RANSAC + LM; predicted wrist ROI; no shaft/gripper fitting,not recorded,,,submodules/RoboPEPP/logs/surfemb_resnet_wristonly_lnd_best_last_predmask_20260804/checkpoints/best_iter16000.pt,16000,True,Wrist / RARP+LND refined / visible negatives,surfemb_resnet_wristonly_visible_p614_b56_gpu4567,RARP+LND,refined,614,614,visible,historical runner/log and run family,legacy raw_dot,,56,0,ok,352,wrist,predicted,binary_head,topk_ransac,4.509641239508713,4.029843893537447,5.404815823074364,9.210048695395832,10.20435072762205,16.7919855997984,6.46678862805677,5.444694534790727,7.830467578260426,11.97282257577126,14.71866737817147,35.11700686697951,L027
submodules/RoboPEPP/logs/surfemb_resnet_wristonly_lnd_best_last_predmask_20260804/summary.json,resnet_wristonly_last,SurgRIPE-LND/TEST,17000,355,372,[210],wrist,predicted,topk_ransac,wrist-only high-confidence top-K dense correspondences + multi-point EPNP RANSAC + LM; predicted wrist ROI; no shaft/gripper fitting,not recorded,,,submodules/RoboPEPP/logs/surfemb_resnet_wristonly_lnd_best_last_predmask_20260804/checkpoints/last_iter17000.pt,17000,True,Wrist / RARP+LND refined / visible negatives,surfemb_resnet_wristonly_visible_p614_b56_gpu4567,RARP+LND,refined,614,614,visible,historical runner/log and run family,legacy raw_dot,,56,0,ok,355,wrist,predicted,binary_head,topk_ransac,4.358376292764374,3.744674580761281,5.24053036865071,8.887188767539019,10.03071400461766,16.205849176812116,6.053947170304698,5.126708813214687,7.431080627372417,10.947128268747441,14.040554550987057,39.16322357031293,L028
submodules/RoboPEPP/logs/surfemb_resnet_wristonly_lnd_last_iter17000_gtroi_accept_all_20260804/summary.json,resnet_wristonly_last,SurgRIPE-LND/TEST,17000,372,372,[210],wrist,gt_wrist,topk_ransac,wrist-only high-confidence top-K dense correspondences + multi-point EPNP RANSAC + LM; gt_wrist wrist ROI; no shaft/gripper fitting,not recorded,,,submodules/RoboPEPP/logs/surfemb_resnet_wristonly_lnd_best_last_predmask_20260804/checkpoints/last_iter17000.pt,17000,True,Wrist / RARP+LND refined / visible negatives,surfemb_resnet_wristonly_visible_p614_b56_gpu4567,RARP+LND,refined,614,614,visible,historical runner/log and run family,legacy raw_dot,,56,0,ok,372,wrist,gt_wrist,binary_head,topk_ransac,5.015230096694098,3.724124312411412,11.607382106790256,8.796242058547685,10.300565587999424,195.8638672183979,7.2631387317842275,5.811643730784316,9.367306865582384,14.336906932484839,17.124459626807514,62.99636827742971,L029
submodules/RoboPEPP/logs/surfemb_resnet_wristonly_lnd_last_iter17000_predmask_accept_all_20260804/summary.json,resnet_wristonly_last,SurgRIPE-LND/TEST,17000,372,372,[210],wrist,predicted,topk_ransac,wrist-only high-confidence top-K dense correspondences + multi-point EPNP RANSAC + LM; predicted wrist ROI; no shaft/gripper fitting,not recorded,,,submodules/RoboPEPP/logs/surfemb_resnet_wristonly_lnd_best_last_predmask_20260804/checkpoints/last_iter17000.pt,17000,True,Wrist / RARP+LND refined / visible negatives,surfemb_resnet_wristonly_visible_p614_b56_gpu4567,RARP+LND,refined,614,614,visible,historical runner/log and run family,legacy raw_dot,,56,0,ok,372,wrist,predicted,binary_head,topk_ransac,4.968092733703172,3.799090347302979,10.019618688625775,9.165078821890047,10.455915048017841,160.70102832991194,6.845133379159466,5.322719152431619,9.113836687537354,12.559394663189911,17.234077413356214,56.781460060448765,L030
submodules/RoboPEPP/logs/surfemb_training_progress_lnd_20260804/full_best13k_last26k_gtroi/summary.json,resnet_full_best13k,SurgRIPE-LND/TEST,13000,372,372,[210],instance,gt_wrist,topk_ransac,wrist-only high-confidence top-K dense correspondences + multi-point EPNP RANSAC + LM; gt_wrist wrist ROI; no shaft/gripper fitting,not recorded,,,submodules/RoboPEPP/logs/surfemb_resnet_full_corrected_xmin05_p1024_b56_gpu0123/checkpoints/best_val_total.pt,54000,False,Full ResNet / triangle positives,surfemb_resnet_full_corrected_xmin05_p1024_b56_gpu0123,RARP+LND,refined,1024,1024,not recorded,not recorded in checkpoint,legacy raw_dot,,56,0,ok,372,instance,gt_wrist,part_competition,topk_ransac,4.255660928959188,3.758488337746141,5.047938710819505,8.015701693082336,8.957151118115966,16.483188352482056,13.48810142517088,10.547755538913554,18.301100113561645,23.68052864657428,32.598521414014755,169.31047607573797,L031
submodules/RoboPEPP/logs/surfemb_training_progress_lnd_20260804/full_best13k_last26k_gtroi/summary.json,resnet_full_last26k,SurgRIPE-LND/TEST,26000,372,372,[210],instance,gt_wrist,topk_ransac,wrist-only high-confidence top-K dense correspondences + multi-point EPNP RANSAC + LM; gt_wrist wrist ROI; no shaft/gripper fitting,not recorded,,,submodules/RoboPEPP/logs/surfemb_resnet_full_corrected_xmin05_p1024_b56_gpu0123/checkpoints/last.pt,60000,False,Full ResNet / triangle positives,surfemb_resnet_full_corrected_xmin05_p1024_b56_gpu0123,RARP+LND,refined,1024,1024,not recorded,not recorded in checkpoint,legacy raw_dot,,56,0,ok,372,instance,gt_wrist,part_competition,topk_ransac,4.5784900901537116,3.820331266506849,6.098846586231214,8.711029679618893,10.017656153925252,52.93254821690238,11.78056386085817,10.881039375087912,14.065031903766751,20.550720863067635,26.268944534842323,47.666681909313944,L032
submodules/RoboPEPP/logs/surfemb_training_progress_lnd_20260804/wrist_best18k_last28k/summary.json,resnet_wristonly_best18k,SurgRIPE-LND/TEST,18000,372,372,[210],wrist,predicted,topk_ransac,wrist-only high-confidence top-K dense correspondences + multi-point EPNP RANSAC + LM; predicted wrist ROI; no shaft/gripper fitting,not recorded,,,submodules/RoboPEPP/logs/surfemb_resnet_wristonly_visible_p614_b56_gpu4567/checkpoints/best_val_total.pt,18000,True,Wrist / RARP+LND refined / visible negatives,surfemb_resnet_wristonly_visible_p614_b56_gpu4567,RARP+LND,refined,614,614,visible,historical runner/log and run family,legacy raw_dot,,56,0,ok,372,wrist,predicted,binary_head,topk_ransac,4.719266888164286,4.146728921796451,5.893814465710901,9.052352551509477,10.003673505249793,42.218214031363644,6.889226486875224,5.354862595395651,8.807592759547644,12.694586572130042,16.764447232854444,52.05059480880781,L033
submodules/RoboPEPP/logs/surfemb_training_progress_lnd_20260804/wrist_best18k_last28k/summary.json,resnet_wristonly_last28k,SurgRIPE-LND/TEST,28000,372,372,[210],wrist,predicted,topk_ransac,wrist-only high-confidence top-K dense correspondences + multi-point EPNP RANSAC + LM; predicted wrist ROI; no shaft/gripper fitting,not recorded,,,submodules/RoboPEPP/logs/surfemb_resnet_wristonly_visible_p614_b56_gpu4567/checkpoints/last.pt,50000,False,Wrist / RARP+LND refined / visible negatives,surfemb_resnet_wristonly_visible_p614_b56_gpu4567,RARP+LND,refined,614,614,visible,historical runner/log and run family,legacy raw_dot,,56,0,ok,372,wrist,predicted,binary_head,topk_ransac,4.3540054853656205,3.603698393217706,5.702642482613196,8.13447194122346,9.542925659534731,52.26246020956566,6.341816699394157,4.672439725646147,8.172775495299964,11.849514588080304,16.20077826273123,37.09365794984574,L034
submodules/RoboPEPP/logs/surfemb_training_progress_lnd_20260805/full_last36k_gtroi/summary.json,resnet_full_last36k,SurgRIPE-LND/TEST,36000,372,372,[210],instance,gt_wrist,topk_ransac,wrist-only high-confidence top-K dense correspondences + multi-point EPNP RANSAC + LM; gt_wrist wrist ROI; no shaft/gripper fitting,not recorded,,,submodules/RoboPEPP/logs/surfemb_training_progress_lnd_20260805/checkpoints/full_last_iter36000.pt,36000,True,Full ResNet / triangle positives,surfemb_resnet_full_corrected_xmin05_p1024_b56_gpu0123,RARP+LND,refined,1024,1024,not recorded,not recorded in checkpoint,legacy raw_dot,,56,0,ok,372,instance,gt_wrist,part_competition,topk_ransac,3.825421632891861,2.9262753099996788,5.218081703087307,7.505610261654341,9.759768986849137,43.844810043914684,12.60703153027051,11.18206524751632,15.094465470823105,22.082697944188443,29.63318472170836,47.34194766435649,L035
submodules/RoboPEPP/logs/surfemb_training_progress_lnd_20260805/full_last36k_original_surfemb_gtroi/summary.json,resnet_full_last36k_original,SurgRIPE-LND/TEST,36000,368,372,[210],instance,gt_wrist,original_surfemb,wrist-only original SurfEmb probability inversion sampling + AP3P hypotheses + mask/correspondence likelihood scoring; GT wrist segmentation; no shaft/gripper fitting,not recorded,,,submodules/RoboPEPP/logs/surfemb_training_progress_lnd_20260805/checkpoints/full_last_iter36000.pt,36000,True,Full ResNet / triangle positives,surfemb_resnet_full_corrected_xmin05_p1024_b56_gpu0123,RARP+LND,refined,1024,1024,not recorded,not recorded in checkpoint,legacy raw_dot,,56,0,ok,368,instance,gt_wrist,part_competition,original_surfemb,22.146934660519733,17.33534136132243,27.93695694877652,49.062682941192676,53.3064808362177,76.66161509885575,45.69826936479984,46.31694526683067,51.569831982631435,79.23859479586197,83.6388394319185,107.9828520080633,L036
submodules/RoboPEPP/logs/surfemb_training_progress_lnd_20260805/full_last36k_original_surfemb_refine_mm_gtroi/summary.json,resnet_full_last36k_original_refine_mm,SurgRIPE-LND/TEST,36000,368,372,[210],instance,gt_wrist,original_surfemb,wrist-only original SurfEmb probability inversion sampling + AP3P hypotheses + mask/correspondence likelihood scoring + triangle-visible BFGS refinement; GT wrist segmentation; no shaft/gripper fitting,not recorded,,,submodules/RoboPEPP/logs/surfemb_training_progress_lnd_20260805/checkpoints/full_last_iter36000.pt,36000,True,Full ResNet / triangle positives,surfemb_resnet_full_corrected_xmin05_p1024_b56_gpu0123,RARP+LND,refined,1024,1024,not recorded,not recorded in checkpoint,legacy raw_dot,,56,0,ok,368,instance,gt_wrist,part_competition,original_surfemb,4.670942789325872,3.437607106970219,7.520927463240008,9.168460419083337,10.320854607579609,71.35255124565299,17.253280828336962,13.198267713557172,25.92801591488896,29.96729626962675,38.28737724471187,170.33787570352507,L037
submodules/RoboPEPP/logs/surfemb_training_progress_lnd_20260805/full_last36k_topk_lm_bfgs64_gtroi/summary.json,resnet_full_last36k_topk_lm_bfgs64,SurgRIPE-LND/TEST,36000,372,372,[210],instance,gt_wrist,topk_ransac,wrist-only high-confidence top-K dense correspondences + multi-point EPNP RANSAC + LM + triangle-visible dense BFGS refinement; gt_wrist wrist ROI; no shaft/gripper fitting,not recorded,,,submodules/RoboPEPP/logs/surfemb_training_progress_lnd_20260805/checkpoints/full_last_iter36000.pt,36000,True,Full ResNet / triangle positives,surfemb_resnet_full_corrected_xmin05_p1024_b56_gpu0123,RARP+LND,refined,1024,1024,not recorded,not recorded in checkpoint,legacy raw_dot,,56,0,ok,372,instance,gt_wrist,part_competition,topk_ransac,3.8561964320309947,2.985360877099574,5.278882069825824,8.063809995039273,9.765451941633687,44.66404521269299,12.599331453969919,11.18206524751632,15.088156606415275,22.082697944188443,30.30805153814737,43.97831681175914,L038
submodules/RoboPEPP/logs/surfemb_training_progress_lnd_20260805/wrist_last38k/summary.json,resnet_wristonly_last38k,SurgRIPE-LND/TEST,38000,372,372,[210],wrist,predicted,topk_ransac,wrist-only high-confidence top-K dense correspondences + multi-point EPNP RANSAC + LM; predicted wrist ROI; no shaft/gripper fitting,not recorded,,,submodules/RoboPEPP/logs/surfemb_training_progress_lnd_20260805/checkpoints/wristonly_last_iter38000.pt,38000,True,Wrist / RARP+LND refined / visible negatives,surfemb_resnet_wristonly_visible_p614_b56_gpu4567,RARP+LND,refined,614,614,visible,historical runner/log and run family,legacy raw_dot,,56,0,ok,372,wrist,predicted,binary_head,topk_ransac,4.357344848263485,3.833715118636606,5.371629533104087,8.201277429414287,9.775782643163305,35.30317220682408,6.399441642687,4.898551495910678,8.110064198941288,12.683013679464757,15.801892956019943,33.77982941810193,L039
submodules/RoboPEPP/logs/surfemb_training_progress_lnd_20260805/wrist_last38k_coarse4096_fine20_50k_predroi_acceptall/summary.json,resnet_wristonly_iter38000_coarsefine50k,SurgRIPE-LND/TEST,38000,372,372,[210],wrist,predicted,coarse_fine_ransac,wrist-only 4096-pair coarse Top-K RANSAC + LM; 20 nearest 2D/3D neighbors per coarse inlier + local SurfEmb rematching + second EPNP RANSAC + LM; predicted wrist ROI; no fallback; no shaft/gripper fitting,not recorded,,,submodules/RoboPEPP/logs/surfemb_training_progress_lnd_20260805/checkpoints/wristonly_last_iter38000.pt,38000,True,Wrist / RARP+LND refined / visible negatives,surfemb_resnet_wristonly_visible_p614_b56_gpu4567,RARP+LND,refined,614,614,visible,historical runner/log and run family,legacy raw_dot,,56,0,ok,372,wrist,predicted,binary_head,coarse_fine_ransac,3.9790238194045986,3.340270300407534,4.858599229361236,7.760330391451646,9.127348017171835,27.47942978950538,6.068837193164761,4.451498625252788,8.370295689105282,12.179154277991023,14.387821310772292,67.57407803890858,L040
submodules/RoboPEPP/logs/surfemb_training_progress_lnd_20260805/wrist_last38k_gtroi/summary.json,resnet_wristonly_last38k_gtroi,SurgRIPE-LND/TEST,38000,372,372,[210],wrist,gt_wrist,topk_ransac,wrist-only high-confidence top-K dense correspondences + multi-point EPNP RANSAC + LM; gt_wrist wrist ROI; no shaft/gripper fitting,not recorded,,,submodules/RoboPEPP/logs/surfemb_training_progress_lnd_20260805/checkpoints/wristonly_last_iter38000.pt,38000,True,Wrist / RARP+LND refined / visible negatives,surfemb_resnet_wristonly_visible_p614_b56_gpu4567,RARP+LND,refined,614,614,visible,historical runner/log and run family,legacy raw_dot,,56,0,ok,372,wrist,gt_wrist,binary_head,topk_ransac,4.508825050429649,3.6900453871783503,7.502533250296431,8.396768970178318,10.041877196110063,107.55760847011477,6.4053916320367925,4.84960601576701,8.08114701875257,13.097789415923225,16.145954622569764,34.85058089468088,L041
submodules/RoboPEPP/logs/surfemb_training_progress_lnd_20260805/wrist_last38k_original_surfemb/summary.json,resnet_wristonly_last38k_original,SurgRIPE-LND/TEST,38000,372,372,[210],wrist,predicted,original_surfemb,wrist-only original SurfEmb probability inversion sampling + AP3P hypotheses + mask/correspondence likelihood scoring; predicted binary wrist mask; no shaft/gripper fitting,not recorded,,,submodules/RoboPEPP/logs/surfemb_training_progress_lnd_20260805/checkpoints/wristonly_last_iter38000.pt,38000,True,Wrist / RARP+LND refined / visible negatives,surfemb_resnet_wristonly_visible_p614_b56_gpu4567,RARP+LND,refined,614,614,visible,historical runner/log and run family,legacy raw_dot,,56,0,ok,372,wrist,predicted,binary_head,original_surfemb,7.110351489003454,6.37262512192244,9.827535740720148,12.038882479527297,13.521549501061793,107.7066328738076,12.511970438843207,11.073889149485664,14.39091153228259,20.744494123781273,26.6801561400927,50.60536678796025,L042
submodules/RoboPEPP/logs/surfemb_training_progress_lnd_20260805/wrist_last38k_original_surfemb_50k/summary.json,resnet_wristonly_last38k_original_50k,SurgRIPE-LND/TEST,38000,372,372,[210],wrist,predicted,original_surfemb,wrist-only original SurfEmb probability inversion sampling + AP3P hypotheses + mask/correspondence likelihood scoring; predicted binary wrist mask; no shaft/gripper fitting,not recorded,,,submodules/RoboPEPP/logs/surfemb_training_progress_lnd_20260805/checkpoints/wristonly_last_iter38000.pt,38000,True,Wrist / RARP+LND refined / visible negatives,surfemb_resnet_wristonly_visible_p614_b56_gpu4567,RARP+LND,refined,614,614,visible,historical runner/log and run family,legacy raw_dot,,56,0,ok,372,wrist,predicted,binary_head,original_surfemb,7.998018385480999,7.340662909468765,10.442542806471115,12.611403020207442,13.794949364625012,114.71798056758622,8.359596529263968,7.505244972785343,9.84650642535676,14.81921019443266,17.377174766525723,54.70067219883129,L043
submodules/RoboPEPP/logs/surfemb_training_progress_lnd_20260805/wrist_last38k_original_surfemb_refine/summary.json,resnet_wristonly_last38k_original_refine,SurgRIPE-LND/TEST,38000,372,372,[210],wrist,predicted,original_surfemb,wrist-only original SurfEmb probability inversion sampling + AP3P hypotheses + mask/correspondence likelihood scoring + triangle-visible BFGS refinement; predicted binary wrist mask; no shaft/gripper fitting,not recorded,,,submodules/RoboPEPP/logs/surfemb_training_progress_lnd_20260805/checkpoints/wristonly_last_iter38000.pt,38000,True,Wrist / RARP+LND refined / visible negatives,surfemb_resnet_wristonly_visible_p614_b56_gpu4567,RARP+LND,refined,614,614,visible,historical runner/log and run family,legacy raw_dot,,56,0,ok,372,wrist,predicted,binary_head,original_surfemb,25.522337568058177,4.204040670348438,133.44306232344366,8.70505318799689,10.801196122606441,1011.516928765265,6.869070207223791,5.421056041761864,9.05671461119602,13.478928452556433,17.209311244865773,44.59101260781942,L044
submodules/RoboPEPP/logs/surfemb_training_progress_lnd_20260805/wrist_last38k_original_surfemb_refine_mm/summary.json,resnet_wristonly_last38k_original_refine_mm,SurgRIPE-LND/TEST,38000,372,372,[210],wrist,predicted,original_surfemb,wrist-only original SurfEmb probability inversion sampling + AP3P hypotheses + mask/correspondence likelihood scoring + triangle-visible BFGS refinement; predicted binary wrist mask; no shaft/gripper fitting,not recorded,,,submodules/RoboPEPP/logs/surfemb_training_progress_lnd_20260805/checkpoints/wristonly_last_iter38000.pt,38000,True,Wrist / RARP+LND refined / visible negatives,surfemb_resnet_wristonly_visible_p614_b56_gpu4567,RARP+LND,refined,614,614,visible,historical runner/log and run family,legacy raw_dot,,56,0,ok,372,wrist,predicted,binary_head,original_surfemb,4.605906511699191,4.032379934807446,6.6151843925744735,8.140936993123288,9.309225097238953,76.87197595450816,6.0218564423936485,4.5974828073650045,7.689052048698438,11.929930404688259,14.690994270636459,36.25277957508671,L045
submodules/RoboPEPP/logs/surfemb_training_progress_lnd_20260805/wrist_last38k_spatial_topk_ransac_50k_predroi/summary.json,resnet_wristonly_iter38000_spatial50k,SurgRIPE-LND/TEST,38000,358,372,[210],wrist,predicted,spatial_topk_ransac,wrist-only confidence-ranked correspondences + 2D grid stratification + joint 2D/3D weighted FPS + EPNP RANSAC + LM + inlier coverage checks; predicted wrist ROI; no fallback; no shaft/gripper fitting,not recorded,,,submodules/RoboPEPP/logs/surfemb_training_progress_lnd_20260805/checkpoints/wristonly_last_iter38000.pt,38000,True,Wrist / RARP+LND refined / visible negatives,surfemb_resnet_wristonly_visible_p614_b56_gpu4567,RARP+LND,refined,614,614,visible,historical runner/log and run family,legacy raw_dot,,56,0,ok,358,wrist,predicted,binary_head,spatial_topk_ransac,3.8720073115855613,3.412593905806558,4.633560648872579,7.937436610904468,9.218408639174037,11.425375800538776,5.711846511631501,4.35342289252991,7.092786978853805,11.245590650331275,13.606154211021938,26.389004989419302,L046
submodules/RoboPEPP/logs/surfemb_training_progress_lnd_20260805/wrist_last38k_topk_lm_bfgs64/summary.json,resnet_wristonly_last38k_topk_lm_bfgs64,SurgRIPE-LND/TEST,38000,372,372,[210],wrist,predicted,topk_ransac,wrist-only high-confidence top-K dense correspondences + multi-point EPNP RANSAC + LM + triangle-visible dense BFGS refinement; predicted wrist ROI; no shaft/gripper fitting,not recorded,,,submodules/RoboPEPP/logs/surfemb_training_progress_lnd_20260805/checkpoints/wristonly_last_iter38000.pt,38000,True,Wrist / RARP+LND refined / visible negatives,surfemb_resnet_wristonly_visible_p614_b56_gpu4567,RARP+LND,refined,614,614,visible,historical runner/log and run family,legacy raw_dot,,56,0,ok,372,wrist,predicted,binary_head,topk_ransac,4.18344805060571,3.65201828335268,4.951147282973974,8.011755213859235,9.606062189816635,12.189694212620884,6.129319184682232,4.678856642044618,8.290337589284803,12.244919201873527,14.965112309447136,73.00489288295353,L047
submodules/RoboPEPP/logs/surfemb_training_progress_lnd_20260805/wrist_last38k_topk_ransac_50k/summary.json,resnet_wristonly_last38k_topk_50k,SurgRIPE-LND/TEST,38000,371,372,[210],wrist,predicted,topk_ransac,wrist-only high-confidence top-K dense correspondences + multi-point EPNP RANSAC + LM; predicted wrist ROI; no shaft/gripper fitting,not recorded,,,submodules/RoboPEPP/logs/surfemb_training_progress_lnd_20260805/checkpoints/wristonly_last_iter38000.pt,38000,True,Wrist / RARP+LND refined / visible negatives,surfemb_resnet_wristonly_visible_p614_b56_gpu4567,RARP+LND,refined,614,614,visible,historical runner/log and run family,legacy raw_dot,,56,0,ok,371,wrist,predicted,binary_head,topk_ransac,3.6115872479666833,3.144375239638172,4.401940052579237,6.623762035106155,8.416186870003237,24.848071343675585,6.635581561833075,4.844900778607031,8.663780195962365,13.965899643896577,16.854656885539605,47.89687616294975,L048
submodules/RoboPEPP/logs/surfemb_training_progress_lnd_20260805/wrist_last38k_topk_ransac_50k_acceptall/summary.json,resnet_wristonly_last38k_topk_50k,SurgRIPE-LND/TEST,38000,372,372,[210],wrist,predicted,topk_ransac,wrist-only high-confidence top-K dense correspondences + multi-point EPNP RANSAC + LM; predicted wrist ROI; no shaft/gripper fitting,not recorded,,,submodules/RoboPEPP/logs/surfemb_training_progress_lnd_20260805/checkpoints/wristonly_last_iter38000.pt,38000,True,Wrist / RARP+LND refined / visible negatives,surfemb_resnet_wristonly_visible_p614_b56_gpu4567,RARP+LND,refined,614,614,visible,historical runner/log and run family,legacy raw_dot,,56,0,ok,372,wrist,predicted,binary_head,topk_ransac,3.7333048940683686,3.1506172280253883,5.074493808001166,6.9378624767907855,8.520064793149826,48.89055159779351,6.750767088161036,4.875068889969219,9.024516899144352,14.014825211680195,17.23076838754772,49.48459735583479,L049
submodules/RoboPEPP/logs/surfemb_training_progress_lnd_20260805/wrist_last38k_topk_roi_ransac_50k_predroi/summary.json,resnet_wristonly_iter38000_roi50k,SurgRIPE-LND/TEST,38000,372,372,[210],wrist,predicted,topk_roi_ransac,wrist-only original Top-K EPNP RANSAC + projected-inlier ROI filtering + iterative LM; predicted wrist ROI; no fallback; no shaft/gripper fitting,not recorded,,,submodules/RoboPEPP/logs/surfemb_training_progress_lnd_20260805/checkpoints/wristonly_last_iter38000.pt,38000,True,Wrist / RARP+LND refined / visible negatives,surfemb_resnet_wristonly_visible_p614_b56_gpu4567,RARP+LND,refined,614,614,visible,historical runner/log and run family,legacy raw_dot,,56,0,ok,372,wrist,predicted,binary_head,topk_roi_ransac,3.7133080068975644,3.1506172280253883,4.934481045601159,6.9378624767907855,8.520064793149826,43.35806498446916,6.760932501140071,4.903359048576377,9.055767486368369,14.014825211680195,17.226098379538282,51.45669641383782,L050
submodules/RoboPEPP/logs/surfemb_wrist_lnd_avgpool_ablation_43k/scale3_predroi/summary.json,resnet_wrist_last43k,SurgRIPE-LND/TEST,43000,357,372,[210],wrist,predicted,topk_ransac,wrist-only high-confidence top-K dense correspondences + multi-point EPNP RANSAC + LM; predicted wrist ROI; no shaft/gripper fitting,not recorded,,,submodules/RoboPEPP/logs/surfemb_resnet_wristonly_visible_p614_b56_gpu4567/checkpoints/last.pt,50000,False,Wrist / RARP+LND refined / visible negatives,surfemb_resnet_wristonly_visible_p614_b56_gpu4567,RARP+LND,refined,614,614,visible,historical runner/log and run family,legacy raw_dot,,56,0,ok,357,wrist,predicted,binary_head,topk_ransac,4.28436243384579,3.950663832478202,5.080859192113858,8.400644680581749,9.518331387518016,13.510390841301108,5.833492148444728,4.612605775178577,6.875061129655437,10.955182925950805,13.481590083418293,21.148362332218476,L051
submodules/RoboPEPP/logs/surfemb_wrist_lnd_avgpool_ablation_43k/scale4_predroi/summary.json,resnet_wrist_last43k,SurgRIPE-LND/TEST,43000,369,372,[210],wrist,predicted,topk_ransac,wrist-only high-confidence top-K dense correspondences + multi-point EPNP RANSAC + LM; predicted wrist ROI; no shaft/gripper fitting,not recorded,,,submodules/RoboPEPP/logs/surfemb_resnet_wristonly_visible_p614_b56_gpu4567/checkpoints/last.pt,50000,False,Wrist / RARP+LND refined / visible negatives,surfemb_resnet_wristonly_visible_p614_b56_gpu4567,RARP+LND,refined,614,614,visible,historical runner/log and run family,legacy raw_dot,,56,0,ok,369,wrist,predicted,binary_head,topk_ransac,4.331712275944089,3.863568998885672,5.180240901785681,8.121311385794996,9.351392177429341,22.646557612956702,6.707136907060851,5.372540161684645,8.425280268300229,11.59520576817954,16.11552208285453,43.38987562950422,L052
submodules/RoboPEPP/logs/surfemb_wrist_lnd_gtroi_topk_ransac_exclude210_full/summary.json,resnet,SurgRIPE-LND/TEST,26000,372,372,[210],"SAM instance mask + SurfEmb RandomRotatedMaskCrop(scale=1.2, angle=0, offset=0)",gt_wrist,topk_ransac,wrist-only high-confidence top-K dense correspondences + multi-point EPNP RANSAC + LM; gt_wrist wrist ROI; no shaft/gripper fitting,not recorded,,,submodules/RoboPEPP/logs/surfemb_resnet_crop224_rarp_lnd_refinemem_b56_gpu4567/checkpoints/best_val_total.pt,26000,True,Full ResNet / point positives,surfemb_resnet_crop224_rarp_lnd_refinemem_b56_gpu4567,RARP+LND,refined,1024,1024,not recorded,not recorded in checkpoint,legacy raw_dot,,56,0,ok,372,,gt_wrist,,topk_ransac,3.627863660595218,2.986974524138792,4.731482367676962,6.749174603000187,8.859090240235348,26.010350283610034,13.34393757557695,11.642228079987092,16.188379132386732,25.732435061225953,32.00697377923934,51.668390588292446,L053
submodules/RoboPEPP/logs/surfemb_wrist_lnd_gtroi_topk_ransac_exclude210_full/summary.json,dino_multihead,SurgRIPE-LND/TEST,22000,372,372,[210],"SAM instance mask + SurfEmb RandomRotatedMaskCrop(scale=1.2, angle=0, offset=0)",gt_wrist,topk_ransac,wrist-only high-confidence top-K dense correspondences + multi-point EPNP RANSAC + LM; gt_wrist wrist ROI; no shaft/gripper fitting,not recorded,,,submodules/RoboPEPP/logs/surfemb_keypoint_crop_part206020_fbo4_p2048_b32_gpu0123/checkpoints/best_val_total.pt,22000,True,Full DINO / point positives,surfemb_keypoint_crop_part206020_fbo4_p2048_b32_gpu0123,RARP+LND,refined,2048,2048,not recorded,not recorded in checkpoint,legacy raw_dot,,32,0,ok,372,,gt_wrist,,topk_ransac,4.644295230929222,4.048195860437018,5.830143848382894,8.49277578337296,9.630795650267187,38.25116764249658,12.210492763507089,9.752066940085403,15.891212288054536,23.269382164946656,30.395792543346978,83.02404070178535,L054
submodules/RoboPEPP/logs/surfemb_wrist_lnd_gtroi_topk_ransac_exclude210_rerun_20260803/summary.json,resnet,SurgRIPE-LND/TEST,26000,372,372,[210],"SAM instance mask + SurfEmb RandomRotatedMaskCrop(scale=1.2, angle=0, offset=0)",gt_wrist,topk_ransac,wrist-only high-confidence top-K dense correspondences + multi-point EPNP RANSAC + LM; gt_wrist wrist ROI; no shaft/gripper fitting,not recorded,,,submodules/RoboPEPP/logs/surfemb_resnet_crop224_rarp_lnd_refinemem_b56_gpu4567/checkpoints/best_val_total.pt,26000,True,Full ResNet / point positives,surfemb_resnet_crop224_rarp_lnd_refinemem_b56_gpu4567,RARP+LND,refined,1024,1024,not recorded,not recorded in checkpoint,legacy raw_dot,,56,0,ok,372,,gt_wrist,,topk_ransac,3.627863660595218,2.986974524138792,4.731482367676962,6.749174603000187,8.859090240235348,26.010350283610034,13.34393757557695,11.642228079987092,16.188379132386732,25.732435061225953,32.00697377923934,51.668390588292446,L055
submodules/RoboPEPP/logs/surfemb_wrist_lnd_gtroi_topk_ransac_exclude210_rerun_20260803/summary.json,dino_multihead,SurgRIPE-LND/TEST,22000,372,372,[210],"SAM instance mask + SurfEmb RandomRotatedMaskCrop(scale=1.2, angle=0, offset=0)",gt_wrist,topk_ransac,wrist-only high-confidence top-K dense correspondences + multi-point EPNP RANSAC + LM; gt_wrist wrist ROI; no shaft/gripper fitting,not recorded,,,submodules/RoboPEPP/logs/surfemb_keypoint_crop_part206020_fbo4_p2048_b32_gpu0123/checkpoints/best_val_total.pt,22000,True,Full DINO / point positives,surfemb_keypoint_crop_part206020_fbo4_p2048_b32_gpu0123,RARP+LND,refined,2048,2048,not recorded,not recorded in checkpoint,legacy raw_dot,,32,0,ok,372,,gt_wrist,,topk_ransac,4.644295230929222,4.048195860437018,5.830143848382894,8.49277578337296,9.630795650267187,38.25116764249658,12.210492763507089,9.752066940085403,15.891212288054536,23.269382164946656,30.395792543346978,83.02404070178535,L056
submodules/RoboPEPP/logs/surfemb_wrist_lnd_test_full/summary.json,resnet,SurgRIPE-LND/TEST,26000,366,373,null,"SAM instance mask + SurfEmb RandomRotatedMaskCrop(scale=1.2, angle=0, offset=0)",not recorded,legacy probability,wrist-only SurfEmb probability AP3P; no SAM part labels; no shaft/gripper fitting,not recorded,,,submodules/RoboPEPP/logs/surfemb_resnet_crop224_rarp_lnd_refinemem_b56_gpu4567/checkpoints/best_val_total.pt,26000,True,Full ResNet / point positives,surfemb_resnet_crop224_rarp_lnd_refinemem_b56_gpu4567,RARP+LND,refined,1024,1024,not recorded,not recorded in checkpoint,legacy raw_dot,,56,0,ok,366,,,,,22.805301329047687,16.28019187158688,33.151043914070634,49.73907899805154,54.3154636191761,307.5595931816127,45.031021640153696,42.753108877632855,51.69221413882697,78.91511992536687,86.69552975439441,131.93160220687597,L057
submodules/RoboPEPP/logs/surfemb_wrist_lnd_test_full/summary.json,dino_multihead,SurgRIPE-LND/TEST,22000,373,373,null,"SAM instance mask + SurfEmb RandomRotatedMaskCrop(scale=1.2, angle=0, offset=0)",not recorded,legacy probability,wrist-only SurfEmb probability AP3P; no SAM part labels; no shaft/gripper fitting,not recorded,,,submodules/RoboPEPP/logs/surfemb_keypoint_crop_part206020_fbo4_p2048_b32_gpu0123/checkpoints/best_val_total.pt,22000,True,Full DINO / point positives,surfemb_keypoint_crop_part206020_fbo4_p2048_b32_gpu0123,RARP+LND,refined,2048,2048,not recorded,not recorded in checkpoint,legacy raw_dot,,32,0,ok,373,,,,,25.587385564286468,16.95644006090834,35.60143421862216,59.075368018239416,78.730165292844,193.89822152932032,49.39497641817486,44.24302040605619,59.052268623738776,89.48357600114895,107.22834719982049,171.74222593733248,L058
submodules/RoboPEPP/logs/surfemb_wrist_lnd_topk_ransac_full/summary.json,resnet,SurgRIPE-LND/TEST,26000,373,373,null,"SAM instance mask + SurfEmb RandomRotatedMaskCrop(scale=1.2, angle=0, offset=0)",not recorded,topk_ransac,wrist-only high-confidence top-K dense correspondences + multi-point EPNP RANSAC + LM; predicted object/wrist ROI; no SAM part labels; no shaft/gripper fitting,not recorded,,,submodules/RoboPEPP/logs/surfemb_resnet_crop224_rarp_lnd_refinemem_b56_gpu4567/checkpoints/best_val_total.pt,26000,True,Full ResNet / point positives,surfemb_resnet_crop224_rarp_lnd_refinemem_b56_gpu4567,RARP+LND,refined,1024,1024,not recorded,not recorded in checkpoint,legacy raw_dot,,56,0,ok,373,,,,topk_ransac,4.503514351657918,2.7051538630212435,19.58557722482745,6.782507675354508,9.248119276807794,367.4354846921479,13.898249935548725,11.751338117062794,17.215056400004308,26.76235469525497,35.26699426115154,78.25603516808647,L059
submodules/RoboPEPP/logs/surfemb_wrist_lnd_topk_ransac_full/summary.json,dino_multihead,SurgRIPE-LND/TEST,22000,373,373,null,"SAM instance mask + SurfEmb RandomRotatedMaskCrop(scale=1.2, angle=0, offset=0)",not recorded,topk_ransac,wrist-only high-confidence top-K dense correspondences + multi-point EPNP RANSAC + LM; predicted object/wrist ROI; no SAM part labels; no shaft/gripper fitting,not recorded,,,submodules/RoboPEPP/logs/surfemb_keypoint_crop_part206020_fbo4_p2048_b32_gpu0123/checkpoints/best_val_total.pt,22000,True,Full DINO / point positives,surfemb_keypoint_crop_part206020_fbo4_p2048_b32_gpu0123,RARP+LND,refined,2048,2048,not recorded,not recorded in checkpoint,legacy raw_dot,,32,0,ok,373,,,,topk_ransac,5.0298940625735264,3.808935354674838,11.367520058188813,8.708929230223687,9.84438040275275,181.78458428373298,12.200204994007226,9.535678610906078,16.222500265397404,21.172714712829336,29.981043434201503,96.64499069546625,L060
submodules/RoboPEPP/logs/surfemb_wrist_lnd_topk_ransac_full_checked/summary.json,resnet,SurgRIPE-LND/TEST,26000,372,373,null,"SAM instance mask + SurfEmb RandomRotatedMaskCrop(scale=1.2, angle=0, offset=0)",not recorded,topk_ransac,wrist-only high-confidence top-K dense correspondences + multi-point EPNP RANSAC + LM; predicted object/wrist ROI; no SAM part labels; no shaft/gripper fitting,not recorded,,,submodules/RoboPEPP/logs/surfemb_resnet_crop224_rarp_lnd_refinemem_b56_gpu4567/checkpoints/best_val_total.pt,26000,True,Full ResNet / point positives,surfemb_resnet_crop224_rarp_lnd_refinemem_b56_gpu4567,RARP+LND,refined,1024,1024,not recorded,not recorded in checkpoint,legacy raw_dot,,56,0,ok,372,,,,topk_ransac,3.5278907754738054,2.691513517190736,4.6582214664420665,6.699020093262394,9.164420574493985,25.43450403231957,13.725245136536525,11.737569960182917,16.753878478652148,26.748707207125992,34.90052579924244,58.51154521342667,L061
submodules/RoboPEPP/logs/surfemb_wrist_lnd_topk_ransac_full_checked/summary.json,dino_multihead,SurgRIPE-LND/TEST,22000,372,373,null,"SAM instance mask + SurfEmb RandomRotatedMaskCrop(scale=1.2, angle=0, offset=0)",not recorded,topk_ransac,wrist-only high-confidence top-K dense correspondences + multi-point EPNP RANSAC + LM; predicted object/wrist ROI; no SAM part labels; no shaft/gripper fitting,not recorded,,,submodules/RoboPEPP/logs/surfemb_keypoint_crop_part206020_fbo4_p2048_b32_gpu0123/checkpoints/best_val_total.pt,22000,True,Full DINO / point positives,surfemb_keypoint_crop_part206020_fbo4_p2048_b32_gpu0123,RARP+LND,refined,2048,2048,not recorded,not recorded in checkpoint,legacy raw_dot,,32,0,ok,372,,,,topk_ransac,4.55474704584998,3.808451932326439,6.3824389435060205,8.667318494258923,9.72410044432068,63.08000096064408,12.065336264320353,9.510407404508701,15.919154025935722,21.04321743349657,28.646727666405827,96.64499069546625,L062
submodules/RoboPEPP/logs/surfemb_wrist_lndonly_progress_20260806/best2k_last5k_gtroi/summary.json,resnet_lndonly_best2k,SurgRIPE-LND/TEST,2000,321,372,[210],wrist,gt_wrist,topk_ransac,wrist-only high-confidence top-K dense correspondences + multi-point EPNP RANSAC + LM; gt_wrist wrist ROI; no shaft/gripper fitting,not recorded,,,submodules/RoboPEPP/logs/surfemb_resnet_wristonly_lnd_visible_p614_b56_gpu4567/checkpoints/best_val_total.pt,2000,True,Wrist / LND refined / visible negatives,surfemb_resnet_wristonly_lnd_visible_p614_b56_gpu4567,LND-only,refined,614,614,visible,historical runner/log and run family,legacy raw_dot,,56,0,ok,321,wrist,gt_wrist,binary_head,topk_ransac,7.501298663172671,7.853177549250618,8.5587784868631,13.176624013894603,14.489806900049985,19.61669455124101,12.427097939010453,11.686028411177777,13.8451576828273,20.619535831484615,22.987585733386272,32.91848892401086,L063
submodules/RoboPEPP/logs/surfemb_wrist_lndonly_progress_20260806/best2k_last5k_gtroi/summary.json,resnet_lndonly_last5k,SurgRIPE-LND/TEST,5000,352,372,[210],wrist,gt_wrist,topk_ransac,wrist-only high-confidence top-K dense correspondences + multi-point EPNP RANSAC + LM; gt_wrist wrist ROI; no shaft/gripper fitting,not recorded,,,submodules/RoboPEPP/logs/surfemb_resnet_wristonly_lnd_visible_p614_b56_gpu4567/checkpoints/last.pt,14000,False,Wrist / LND refined / visible negatives,surfemb_resnet_wristonly_lnd_visible_p614_b56_gpu4567,LND-only,refined,614,614,visible,historical runner/log and run family,legacy raw_dot,,56,0,ok,352,wrist,gt_wrist,binary_head,topk_ransac,4.483221557058524,3.69093262550323,5.412440960345788,8.532516522508839,9.40183591009391,21.89350092818892,9.810495253557306,8.148310356511388,11.811609255364553,17.682379918817063,21.859637082007037,51.9848545409961,L064
submodules/RoboPEPP/logs/surfemb_wrist_lndonly_progress_20260806/iter14000_coarse4096_fine20_50k_predroi/summary.json,resnet_wristonly_lnd_iter14000_coarsefine50k,SurgRIPE-LND/TEST,14000,368,372,[210],wrist,predicted,coarse_fine_ransac,wrist-only 4096-pair coarse Top-K RANSAC + LM; 20 nearest 2D/3D neighbors per coarse inlier + local SurfEmb rematching + second EPNP RANSAC + LM; predicted wrist ROI; no fallback; no shaft/gripper fitting,not recorded,,,submodules/RoboPEPP/logs/surfemb_wrist_lndonly_progress_20260806/checkpoints/wristonly_lnd_last_iter14000.pt,14000,True,Wrist / LND refined / visible negatives,surfemb_resnet_wristonly_lnd_visible_p614_b56_gpu4567,LND-only,refined,614,614,visible,historical runner/log and run family,legacy raw_dot,,56,0,ok,368,wrist,predicted,binary_head,coarse_fine_ransac,3.9529406251901564,3.4011698991427624,4.9414679286762855,7.898664110432749,9.010011518001031,28.13820752962225,6.603970306560845,5.057117915275935,8.60895211031756,13.347549905740266,16.1394357661911,55.08576054164402,L065
submodules/RoboPEPP/logs/surfemb_wrist_lndonly_progress_20260806/iter14000_coarse4096_fine20_50k_predroi_acceptall/summary.json,resnet_wristonly_lnd_iter14000_coarsefine50k,SurgRIPE-LND/TEST,14000,372,372,[210],wrist,predicted,coarse_fine_ransac,wrist-only 4096-pair coarse Top-K RANSAC + LM; 20 nearest 2D/3D neighbors per coarse inlier + local SurfEmb rematching + second EPNP RANSAC + LM; predicted wrist ROI; no fallback; no shaft/gripper fitting,not recorded,,,submodules/RoboPEPP/logs/surfemb_wrist_lndonly_progress_20260806/checkpoints/wristonly_lnd_last_iter14000.pt,14000,True,Wrist / LND refined / visible negatives,surfemb_resnet_wristonly_lnd_visible_p614_b56_gpu4567,LND-only,refined,614,614,visible,historical runner/log and run family,legacy raw_dot,,56,0,ok,372,wrist,predicted,binary_head,coarse_fine_ransac,4.008207690873288,3.4492023980861233,5.016134991521573,8.007631795599389,9.231792347976752,28.13820752962225,6.848134256904313,5.098526782012472,9.354559125925395,13.484369765873604,17.17917029212202,63.52505921858179,L066
submodules/RoboPEPP/logs/surfemb_wrist_lndonly_progress_20260806/iter14000_topk_ransac_50k_predroi/summary.json,resnet_wristonly_lnd_iter14000_topk_50k,SurgRIPE-LND/TEST,14000,371,372,[210],wrist,predicted,topk_ransac,wrist-only high-confidence top-K dense correspondences + multi-point EPNP RANSAC + LM; predicted wrist ROI; no shaft/gripper fitting,not recorded,,,submodules/RoboPEPP/logs/surfemb_wrist_lndonly_progress_20260806/checkpoints/wristonly_lnd_last_iter14000.pt,14000,True,Wrist / LND refined / visible negatives,surfemb_resnet_wristonly_lnd_visible_p614_b56_gpu4567,LND-only,refined,614,614,visible,historical runner/log and run family,legacy raw_dot,,56,0,ok,371,wrist,predicted,binary_head,topk_ransac,4.059425912663092,3.533489298140008,5.144176843372505,7.7269852397854875,9.024422006250736,30.41234031379663,7.600575793616489,4.959906317055572,11.179224114278398,15.84594156550451,18.553071461987123,91.7238499488289,L067
submodules/RoboPEPP/logs/surfemb_wrist_lndonly_progress_20260806/iter14000_topk_ransac_50k_predroi_acceptall/summary.json,resnet_wristonly_lnd_iter14000_topk50k_acceptall,SurgRIPE-LND/TEST,14000,372,372,[210],wrist,predicted,topk_ransac,wrist-only high-confidence top-K dense correspondences + multi-point EPNP RANSAC + LM; predicted wrist ROI; no shaft/gripper fitting,not recorded,,,submodules/RoboPEPP/logs/surfemb_wrist_lndonly_progress_20260806/checkpoints/wristonly_lnd_last_iter14000.pt,14000,True,Wrist / LND refined / visible negatives,surfemb_resnet_wristonly_lnd_visible_p614_b56_gpu4567,LND-only,refined,614,614,visible,historical runner/log and run family,legacy raw_dot,,56,0,ok,372,wrist,predicted,binary_head,topk_ransac,4.074526390353262,3.535417969080293,5.161699462794588,7.751902962782092,9.216415931144489,30.41234031379663,7.742854862913951,4.969242239061365,11.596883869667435,16.130728053030914,18.894617174255664,91.7238499488289,L068
submodules/RoboPEPP/logs/surfemb_wrist_lndonly_progress_20260806/iter6000_spatial_topk_ransac_50k_predroi/summary.json,resnet_wristonly_lnd_iter6000_spatial50k,SurgRIPE-LND/TEST,6000,355,372,[210],wrist,predicted,spatial_topk_ransac,wrist-only confidence-ranked correspondences + 2D grid stratification + joint 2D/3D weighted FPS + EPNP RANSAC + LM + inlier coverage checks; predicted wrist ROI; no fallback; no shaft/gripper fitting,not recorded,,,submodules/RoboPEPP/logs/surfemb_wrist_lndonly_progress_20260806/checkpoints/wristonly_lnd_last_iter6000.pt,6000,True,Wrist / LND refined / visible negatives,surfemb_resnet_wristonly_lnd_visible_p614_b56_gpu4567,LND-only,refined,614,614,visible,historical runner/log and run family,legacy raw_dot,,56,0,ok,355,wrist,predicted,binary_head,spatial_topk_ransac,3.983334126679591,3.429700249001965,4.763990679216717,7.802641812038099,8.855281487447368,15.31572871493329,7.06276113426417,5.572079494391099,8.622344304124473,14.537293271525632,17.28553974553529,33.12570667348131,L069
submodules/RoboPEPP/logs/surfemb_wrist_lndonly_progress_20260806/iter6000_topk_ransac_4k_predroi/summary.json,resnet_wristonly_lnd_iter6000_topk_4k,SurgRIPE-LND/TEST,6000,372,372,[210],wrist,predicted,topk_ransac,wrist-only high-confidence top-K dense correspondences + multi-point EPNP RANSAC + LM; predicted wrist ROI; no shaft/gripper fitting,not recorded,,,submodules/RoboPEPP/logs/surfemb_wrist_lndonly_progress_20260806/checkpoints/wristonly_lnd_last_iter6000.pt,6000,True,Wrist / LND refined / visible negatives,surfemb_resnet_wristonly_lnd_visible_p614_b56_gpu4567,LND-only,refined,614,614,visible,historical runner/log and run family,legacy raw_dot,,56,0,ok,372,wrist,predicted,binary_head,topk_ransac,6.25118761079338,5.182749037499972,11.60866381493334,9.902340074493562,10.753548775182358,160.1801528135545,9.530581491732148,7.49638820668522,12.203001105379006,16.855019576452616,20.675912238884514,73.46784628074884,L070
submodules/RoboPEPP/logs/surfemb_wrist_lndonly_progress_20260806/iter6000_topk_ransac_50k_predroi/summary.json,resnet_wristonly_lnd_iter6000_topk_50k,SurgRIPE-LND/TEST,6000,372,372,[210],wrist,predicted,topk_ransac,wrist-only high-confidence top-K dense correspondences + multi-point EPNP RANSAC + LM; predicted wrist ROI; no shaft/gripper fitting,not recorded,,,submodules/RoboPEPP/logs/surfemb_wrist_lndonly_progress_20260806/checkpoints/wristonly_lnd_last_iter6000.pt,6000,True,Wrist / LND refined / visible negatives,surfemb_resnet_wristonly_lnd_visible_p614_b56_gpu4567,LND-only,refined,614,614,visible,historical runner/log and run family,legacy raw_dot,,56,0,ok,372,wrist,predicted,binary_head,topk_ransac,3.773677649499712,3.126511261668422,4.669283572449387,7.378997752855239,8.81228726818591,15.752360670192534,9.642567646504014,7.095002367640859,12.739928315012104,18.54603937684217,22.182806020534898,71.40671014292657,L071
submodules/RoboPEPP/logs/surfemb_wristonly_lnd_p1024_progress_20260806/best1k_last3k_topk50k_gtroi_acceptall/summary.json,resnet_p1024_best1k,SurgRIPE-LND/TEST,1000,372,372,[210],wrist,gt_wrist,topk_ransac,wrist-only high-confidence top-K dense correspondences + multi-point EPNP RANSAC + LM; gt_wrist wrist ROI; no shaft/gripper fitting,not recorded,,,submodules/RoboPEPP/logs/surfemb_wristonly_lnd_p1024_progress_20260806/checkpoints/best_iter1000.pt,1000,True,Wrist / LND refined / visible negatives,surfemb_resnet_wristonly_lnd_visible_p1024_b56_gpu4567,LND-only,refined,1024,1024,visible,historical runner/log and run family,legacy raw_dot,,56,0,ok,372,wrist,gt_wrist,binary_head,topk_ransac,5.900607832661694,4.323794527493441,8.513400881390865,11.775850657014583,14.31452288539784,85.26613216137095,36.70431448379064,29.86356489934398,42.93426330039413,68.76437396238532,75.85078238711966,136.53721709199664,L072
submodules/RoboPEPP/logs/surfemb_wristonly_lnd_p1024_progress_20260806/best1k_last3k_topk50k_gtroi_acceptall/summary.json,resnet_p1024_last3k,SurgRIPE-LND/TEST,3000,372,372,[210],wrist,gt_wrist,topk_ransac,wrist-only high-confidence top-K dense correspondences + multi-point EPNP RANSAC + LM; gt_wrist wrist ROI; no shaft/gripper fitting,not recorded,,,submodules/RoboPEPP/logs/surfemb_wristonly_lnd_p1024_progress_20260806/checkpoints/last_iter3000.pt,3000,True,Wrist / LND refined / visible negatives,surfemb_resnet_wristonly_lnd_visible_p1024_b56_gpu4567,LND-only,refined,1024,1024,visible,historical runner/log and run family,legacy raw_dot,,56,0,ok,372,wrist,gt_wrist,binary_head,topk_ransac,4.141696294063153,2.998834084765014,10.176310539912853,7.0684511001249435,8.957628725028734,174.2979833558359,13.315838761722846,10.386241460723182,17.10391835090377,25.83552796146517,34.08125485474423,66.75317893050885,L073
submodules/RoboPEPP/logs/surfemb_wristonly_lnd_p614_best2k_last14k_topk50k_gtroi_acceptall_20260806/summary.json,resnet_p614_best2k,SurgRIPE-LND/TEST,2000,372,372,[210],wrist,gt_wrist,topk_ransac,wrist-only high-confidence top-K dense correspondences + multi-point EPNP RANSAC + LM; gt_wrist wrist ROI; no shaft/gripper fitting,not recorded,,,submodules/RoboPEPP/logs/surfemb_resnet_wristonly_lnd_visible_p614_b56_gpu4567/checkpoints/best_val_total.pt,2000,True,Wrist / LND refined / visible negatives,surfemb_resnet_wristonly_lnd_visible_p614_b56_gpu4567,LND-only,refined,614,614,visible,historical runner/log and run family,legacy raw_dot,,56,0,ok,372,wrist,gt_wrist,binary_head,topk_ransac,6.907390737201691,6.4359608311939684,9.85077037745483,11.158428249548026,12.668024104081706,118.06620971707166,12.025206607038607,9.524695526388545,14.66048660761276,23.752918393099275,27.598269594961383,77.36476807158097,L074
submodules/RoboPEPP/logs/surfemb_wristonly_lnd_p614_best2k_last14k_topk50k_gtroi_acceptall_20260806/summary.json,resnet_p614_last14k,SurgRIPE-LND/TEST,14000,372,372,[210],wrist,gt_wrist,topk_ransac,wrist-only high-confidence top-K dense correspondences + multi-point EPNP RANSAC + LM; gt_wrist wrist ROI; no shaft/gripper fitting,not recorded,,,submodules/RoboPEPP/logs/surfemb_resnet_wristonly_lnd_visible_p614_b56_gpu4567/checkpoints/last.pt,14000,True,Wrist / LND refined / visible negatives,surfemb_resnet_wristonly_lnd_visible_p614_b56_gpu4567,LND-only,refined,614,614,visible,historical runner/log and run family,legacy raw_dot,,56,0,ok,372,wrist,gt_wrist,binary_head,topk_ransac,4.022742233968172,3.506993497848973,5.0237424836729065,7.90434455461271,9.099278824801742,29.896778248340453,7.148295638089089,4.889848450444557,9.912665271397739,14.443912453729684,18.146583418597945,59.707869207796904,L075
submodules/RoboPEPP/logs/surfemb_wristonly_lnd_posecontrol_test_20260807/eval_latest_topk50k_gtroi/summary.json,resnet_prerefine_last14k,SurgRIPE-LND/TEST,14000,372,372,[210],wrist,gt_wrist,topk_ransac,wrist-only high-confidence top-K dense correspondences + multi-point EPNP RANSAC + LM; gt_wrist wrist ROI; no shaft/gripper fitting,not recorded,,,submodules/RoboPEPP/logs/surfemb_wristonly_lnd_posecontrol_test_20260807/checkpoints/prerefine_last14k_snapshot.pt,14000,True,Wrist / LND pre-refine / visible negatives,surfemb_resnet_wristonly_lnd_prerefine_p1024_b56_gpu0123,LND-only,pre-refine,1024,1024,visible,historical runner/log and run family,legacy raw_dot,,56,4,ok,372,wrist,gt_wrist,binary_head,topk_ransac,2.8965179818178073,2.1267492306112663,5.365784055104646,5.017634373513585,6.818338151118792,79.57360060687792,7.638754493473379,5.138400991560248,10.209652043344882,16.259919115508115,19.253916495452845,46.558212603590405,L076
submodules/RoboPEPP/logs/surfemb_wristonly_lnd_posecontrol_test_20260807/eval_latest_topk50k_gtroi/summary.json,resnet_refined_last13k,SurgRIPE-LND/TEST,13000,372,372,[210],wrist,gt_wrist,topk_ransac,wrist-only high-confidence top-K dense correspondences + multi-point EPNP RANSAC + LM; gt_wrist wrist ROI; no shaft/gripper fitting,not recorded,,,submodules/RoboPEPP/logs/surfemb_wristonly_lnd_posecontrol_test_20260807/checkpoints/refined_last13k_snapshot.pt,13000,True,Wrist / LND refined / visible negatives,surfemb_resnet_wristonly_lnd_visible_p1024_b56_gpu4567,LND-only,refined,1024,1024,visible,historical runner/log and run family,legacy raw_dot,,56,0,ok,372,wrist,gt_wrist,binary_head,topk_ransac,4.219760952020909,3.685613646213201,5.577047658887133,8.03749741367601,8.937773992302501,48.85408115193689,7.890044922936604,5.490605819472771,10.74536667179205,16.81400534429563,19.881902255478067,61.383773479119604,L077
submodules/RoboPEPP/logs/surfemb_wristonly_lnd_posecontrol_test_20260807/eval_topk50k_gtroi_run2/summary.json,resnet_prerefine_best,SurgRIPE-LND/TEST,2000,372,372,[210],wrist,gt_wrist,topk_ransac,wrist-only high-confidence top-K dense correspondences + multi-point EPNP RANSAC + LM; gt_wrist wrist ROI; no shaft/gripper fitting,not recorded,,,submodules/RoboPEPP/logs/surfemb_wristonly_lnd_posecontrol_test_20260807/checkpoints/prerefine_best.pt,2000,True,Wrist / LND pre-refine / visible negatives,surfemb_resnet_wristonly_lnd_prerefine_p1024_b56_gpu0123,LND-only,pre-refine,1024,1024,visible,historical runner/log and run family,legacy raw_dot,,56,4,ok,372,wrist,gt_wrist,binary_head,topk_ransac,3.403029037076348,2.2864571721904627,5.763520976391155,6.436127388127435,8.808411253541433,60.46068982913103,13.521099988733887,10.802152763490184,16.551984691945673,26.767706163226396,31.66523716951367,54.75524361511007,L078
submodules/RoboPEPP/logs/surfemb_wristonly_lnd_posecontrol_test_20260807/eval_topk50k_gtroi_run2/summary.json,resnet_prerefine_last9k,SurgRIPE-LND/TEST,9000,372,372,[210],wrist,gt_wrist,topk_ransac,wrist-only high-confidence top-K dense correspondences + multi-point EPNP RANSAC + LM; gt_wrist wrist ROI; no shaft/gripper fitting,not recorded,,,submodules/RoboPEPP/logs/surfemb_wristonly_lnd_posecontrol_test_20260807/checkpoints/prerefine_last_snapshot.pt,9000,True,Wrist / LND pre-refine / visible negatives,surfemb_resnet_wristonly_lnd_prerefine_p1024_b56_gpu0123,LND-only,pre-refine,1024,1024,visible,historical runner/log and run family,legacy raw_dot,,56,4,ok,372,wrist,gt_wrist,binary_head,topk_ransac,3.2028494983985882,1.9052215382337336,10.528928760414216,4.859923095909285,6.480069491279245,160.5094364065055,8.845947588495601,6.683012667127038,11.887169315092665,16.81798859131339,21.10030119006111,73.75620495611813,L079
submodules/RoboPEPP/logs/surfemb_wristonly_lnd_posecontrol_test_20260807/eval_topk50k_gtroi_run2/summary.json,resnet_refined_best,SurgRIPE-LND/TEST,1000,372,372,[210],wrist,gt_wrist,topk_ransac,wrist-only high-confidence top-K dense correspondences + multi-point EPNP RANSAC + LM; gt_wrist wrist ROI; no shaft/gripper fitting,not recorded,,,submodules/RoboPEPP/logs/surfemb_wristonly_lnd_posecontrol_test_20260807/checkpoints/refined_best.pt,1000,True,Wrist / LND refined / visible negatives,surfemb_resnet_wristonly_lnd_visible_p1024_b56_gpu4567,LND-only,refined,1024,1024,visible,historical runner/log and run family,legacy raw_dot,,56,0,ok,372,wrist,gt_wrist,binary_head,topk_ransac,5.900607832661694,4.323794527493441,8.513400881390865,11.775850657014583,14.31452288539784,85.26613216137095,36.70431448379064,29.86356489934398,42.93426330039413,68.76437396238532,75.85078238711966,136.53721709199664,L080
submodules/RoboPEPP/logs/surfemb_wristonly_lnd_posecontrol_test_20260807/eval_topk50k_gtroi_run2/summary.json,resnet_refined_last10k,SurgRIPE-LND/TEST,10000,372,372,[210],wrist,gt_wrist,topk_ransac,wrist-only high-confidence top-K dense correspondences + multi-point EPNP RANSAC + LM; gt_wrist wrist ROI; no shaft/gripper fitting,not recorded,,,submodules/RoboPEPP/logs/surfemb_wristonly_lnd_posecontrol_test_20260807/checkpoints/refined_last_snapshot.pt,10000,True,Wrist / LND refined / visible negatives,surfemb_resnet_wristonly_lnd_visible_p1024_b56_gpu4567,LND-only,refined,1024,1024,visible,historical runner/log and run family,legacy raw_dot,,56,0,ok,372,wrist,gt_wrist,binary_head,topk_ransac,4.415987339893264,3.9759559596961953,5.472752165697615,7.7952918721538085,8.9044550068842,28.99707908734831,7.439641445768277,5.455025415591946,10.283448584598855,15.260754867661932,20.023640011705744,76.6776199829284,L081
submodules/RoboPEPP/logs/surfemb_wristonly_lnd_prerefine_fullsurfneg_eval_20260807/eval_topk50k_gtroi/summary.json,resnet_fullsurfneg_best2k,SurgRIPE-LND/TEST,2000,372,372,[210],wrist,gt_wrist,topk_ransac,wrist-only high-confidence top-K dense correspondences + multi-point EPNP RANSAC + LM; gt_wrist wrist ROI; no shaft/gripper fitting,not recorded,,,submodules/RoboPEPP/logs/surfemb_wristonly_lnd_prerefine_fullsurfneg_eval_20260807/checkpoints/best2k_snapshot.pt,2000,True,Wrist / LND pre-refine / full-surface negatives,surfemb_resnet_wristonly_lnd_prerefine_fullsurfneg_p1024_b56_gpu0123,LND-only,pre-refine,1024,1024,full_surface,checkpoint args,legacy raw_dot,,56,4,ok,372,wrist,gt_wrist,binary_head,topk_ransac,3.409755192140248,2.3661794588419993,5.34018129602914,6.325759694926469,8.698325560877699,53.131921310585476,13.457080149305531,9.944608837447232,17.706060216373867,25.976264790355955,34.23055486116392,83.0703359888304,L082
submodules/RoboPEPP/logs/surfemb_wristonly_lnd_prerefine_fullsurfneg_eval_20260807/eval_topk50k_gtroi/summary.json,resnet_fullsurfneg_last8k,SurgRIPE-LND/TEST,8000,372,372,[210],wrist,gt_wrist,topk_ransac,wrist-only high-confidence top-K dense correspondences + multi-point EPNP RANSAC + LM; gt_wrist wrist ROI; no shaft/gripper fitting,not recorded,,,submodules/RoboPEPP/logs/surfemb_wristonly_lnd_prerefine_fullsurfneg_eval_20260807/checkpoints/last8k_snapshot.pt,8000,True,Wrist / LND pre-refine / full-surface negatives,surfemb_resnet_wristonly_lnd_prerefine_fullsurfneg_p1024_b56_gpu0123,LND-only,pre-refine,1024,1024,full_surface,checkpoint args,legacy raw_dot,,56,4,ok,372,wrist,gt_wrist,binary_head,topk_ransac,2.4562302627221633,1.5994778620996843,4.307287600830166,4.899551736057245,6.50101367830359,40.816598866995704,7.968365617757347,5.249543735851345,12.197899714663627,15.805353363664867,19.960779344971414,75.18003020474944,L083
submodules/RoboPEPP/logs/surfemb_wristonly_lnd_prerefine_fullsurfneg_eval_20260808_iter28k/eval_topk50k_gtroi/summary.json,resnet_fullsurfneg_last28k,SurgRIPE-LND/TEST,28000,372,372,[210],wrist,gt_wrist,topk_ransac,wrist-only high-confidence top-K dense correspondences + multi-point EPNP RANSAC + LM; gt_wrist wrist ROI; no shaft/gripper fitting,not recorded,,,submodules/RoboPEPP/logs/surfemb_wristonly_lnd_prerefine_fullsurfneg_eval_20260808_iter28k/checkpoints/last28k_snapshot.pt,28000,True,Wrist / LND pre-refine / full-surface negatives,surfemb_resnet_wristonly_lnd_prerefine_fullsurfneg_p1024_b56_gpu0123,LND-only,pre-refine,1024,1024,full_surface,checkpoint args,legacy raw_dot,,56,4,ok,372,wrist,gt_wrist,binary_head,topk_ransac,2.3208182962106343,1.582640761899035,3.802804493831873,4.364906578903774,6.0658959545348266,44.98077586777537,6.20772555228799,4.373137099032764,9.39480939660547,13.089958776627073,15.86638588015536,100.32957183233584,L084
submodules/RoboPEPP/logs/surfemb_wristonly_lnd_prerefine_fullsurfneg_eval_20260809_iter54k/eval_topk50k_gtroi/summary.json,resnet_fullsurfneg_last54k,SurgRIPE-LND/TEST,54000,372,372,[210],wrist,gt_wrist,topk_ransac,wrist-only high-confidence top-K dense correspondences + multi-point EPNP RANSAC + LM; gt_wrist wrist ROI; no shaft/gripper fitting,not recorded,,,submodules/RoboPEPP/logs/surfemb_wristonly_lnd_prerefine_fullsurfneg_eval_20260809_iter54k/checkpoints/last54k_snapshot.pt,54000,True,Wrist / LND pre-refine / full-surface negatives,surfemb_resnet_wristonly_lnd_prerefine_fullsurfneg_p1024_b56_gpu0123,LND-only,pre-refine,1024,1024,full_surface,checkpoint args,legacy raw_dot,,56,4,ok,372,wrist,gt_wrist,binary_head,topk_ransac,2.611419863542099,1.8297573106385387,4.564198148347765,4.90267996404113,6.194037697006569,54.18746379155996,6.873260151249282,5.1366603109424585,10.160177181587953,13.472329767653255,17.420413364141268,79.17824387571137,L085
