run,last_logged_train_iteration,last_train_nce,last_train_bce,validation_stream,last_val_iteration,last_val_nce,last_val_bce,last_val_total,source
surfemb_debug_current_lnd_augfix_cosine_t01_resume6k_to10k_b56x4_20260811,10000,0.4852,0.0356,VAL_LND,10000,1.4165,0.0858,1.5023,submodules/RoboPEPP/logs/surfemb_debug_current_lnd_augfix_cosine_t01_resume6k_to10k_b56x4_20260811_train.log
surfemb_debug_current_lnd_augfix_rawdot_resume4k_to6k_b56x4_20260811,6000,0.3940,0.0563,VAL_LND,6000,2.0332,0.0986,2.1318,submodules/RoboPEPP/logs/surfemb_debug_current_lnd_augfix_rawdot_resume4k_to6k_b56x4_20260811_train.log
surfemb_debug_current_lnd_augfix_rawdot_resume6k_to10k_b56x4_20260811,10000,0.2526,0.0399,VAL_LND,10000,2.7810,0.0894,2.8704,submodules/RoboPEPP/logs/surfemb_debug_current_lnd_augfix_rawdot_resume6k_to10k_b56x4_20260811_train.log
surfemb_keypoint_crop_part206020_fbo4_p2048_b32_gpu0123,35140,1.1850,0.0295,VAL_RARP,35000,,,5.5574,submodules/RoboPEPP/logs/surfemb_keypoint_crop_part206020_fbo4_p2048_b32_gpu0123_train.log
surfemb_keypoint_crop_part206020_fbo4_p2048_b32_gpu0123,35140,1.1850,0.0295,VAL_LND,35000,,,33.7770,submodules/RoboPEPP/logs/surfemb_keypoint_crop_part206020_fbo4_p2048_b32_gpu0123_train.log
surfemb_resnet_crop224_rarp_lnd_refinemem_b56_gpu4567,57140,0.9586,0.0295,VAL_RARP,57000,1.9650,0.0403,2.0053,submodules/RoboPEPP/logs/surfemb_resnet_crop224_rarp_lnd_refinemem_b56_gpu4567_train.log
surfemb_resnet_crop224_rarp_lnd_refinemem_b56_gpu4567,57140,0.9586,0.0295,VAL_LND,57000,14.3745,0.0231,14.3975,submodules/RoboPEPP/logs/surfemb_resnet_crop224_rarp_lnd_refinemem_b56_gpu4567_train.log
surfemb_resnet_full_corrected_xmin05_p1024_b56_gpu0123,60000,0.6290,0.0284,VAL_RARP,60000,1.7986,0.0369,1.8354,submodules/RoboPEPP/logs/surfemb_resnet_full_corrected_xmin05_p1024_b56_gpu0123_train.log
surfemb_resnet_full_corrected_xmin05_p1024_b56_gpu0123,60000,0.6290,0.0284,VAL_LND,60000,14.4068,0.0201,14.4269,submodules/RoboPEPP/logs/surfemb_resnet_full_corrected_xmin05_p1024_b56_gpu0123_train.log
surfemb_resnet_wristonly_lnd_prerefine_fullsurfneg_p1024_b56_gpu0123,54990,0.0750,0.0234,VAL_LND,54000,18.9944,0.1417,19.1361,submodules/RoboPEPP/logs/surfemb_resnet_wristonly_lnd_prerefine_fullsurfneg_p1024_b56_gpu0123_train.log
surfemb_resnet_wristonly_lnd_prerefine_p1024_b56_gpu0123,17770,1.3379,0.0457,VAL_LND,17000,13.6354,0.0964,13.7318,submodules/RoboPEPP/logs/surfemb_resnet_wristonly_lnd_prerefine_p1024_b56_gpu0123_train.log
surfemb_resnet_wristonly_lnd_visible_p1024_b56_gpu4567,15360,1.3383,0.0508,VAL_LND,15000,21.3284,0.1035,21.4318,submodules/RoboPEPP/logs/surfemb_resnet_wristonly_lnd_visible_p1024_b56_gpu4567_train.log
surfemb_resnet_wristonly_lnd_visible_p614_b56_gpu4567,14870,0.8953,0.0516,VAL_LND,14000,18.8610,0.1031,18.9641,submodules/RoboPEPP/logs/surfemb_resnet_wristonly_lnd_visible_p614_b56_gpu4567_train.log
surfemb_resnet_wristonly_visible_p614_b56_gpu4567,50040,2.0058,0.0759,VAL_RARP,50000,4.3600,0.0985,4.4585,submodules/RoboPEPP/logs/surfemb_resnet_wristonly_visible_p614_b56_gpu4567_train.log
surfemb_resnet_wristonly_visible_p614_b56_gpu4567,50040,2.0058,0.0759,VAL_LND,50000,17.6035,0.0968,17.7004,submodules/RoboPEPP/logs/surfemb_resnet_wristonly_visible_p614_b56_gpu4567_train.log
